sample_id,cluster_label
0,0
1,-1
2,-1
3,-1
4,-1
5,0
6,-1
7,-1
8,-1
9,-1
10,0
11,-1
12,-1
13,-1
14,1
15,-1
16,-1
17,2
18,-1
19,-1
20,-1
21,-1
22,0
23,-1
24,-1
25,-1
26,-1
27,-1
28,-1
29,-1
30,0
31,-1
32,0
33,-1
34,-1
35,-1
36,-1
37,-1
38,0
39,-1
40,-1
41,-1
42,-1
43,-1
44,-1
45,-1
46,3
47,-1
48,-1
49,2
50,-1
51,-1
52,-1
53,-1
54,-1
55,1
56,-1
57,-1
58,1
59,-1
60,-1
61,-1
62,-1
63,-1
64,-1
65,-1
66,-1
67,-1
68,-1
69,-1
70,-1
71,-1
72,1
73,0
74,1
75,-1
76,-1
77,-1
78,-1
79,-1
80,-1
81,-1
82,0
83,-1
84,0
85,0
86,-1
87,-1
88,-1
89,-1
90,-1
91,-1
92,-1
93,-1
94,1
95,-1
96,-1
97,-1
98,-1
99,4
100,-1
101,-1
102,-1
103,-1
104,0
105,-1
106,-1
107,0
108,-1
109,-1
110,-1
111,-1
112,-1
113,0
114,-1
115,1
116,-1
117,-1
118,-1
119,-1
120,-1
121,1
122,-1
123,-1
124,-1
125,1
126,-1
127,-1
128,-1
129,2
130,1
131,-1
132,-1
133,1
134,-1
135,-1
136,-1
137,-1
138,-1
139,-1
140,-1
141,-1
142,-1
143,-1
144,-1
145,1
146,-1
147,-1
148,1
149,-1
150,-1
151,0
152,-1
153,-1
154,-1
155,1
156,-1
157,1
158,0
159,-1
160,-1
161,-1
162,1
163,-1
164,2
165,-1
166,2
167,-1
168,-1
169,-1
170,3
171,1
172,-1
173,-1
174,-1
175,-1
176,-1
177,-1
178,-1
179,-1
180,-1
181,-1
182,3
183,-1
184,-1
185,-1
186,-1
187,1
188,-1
189,-1
190,2
191,-1
192,-1
193,-1
194,-1
195,0
196,-1
197,-1
198,-1
199,-1
200,0
201,-1
202,-1
203,-1
204,-1
205,-1
206,-1
207,1
208,-1
209,2
210,1
211,-1
212,-1
213,-1
214,-1
215,-1
216,-1
217,-1
218,1
219,0
220,-1
221,1
222,-1
223,-1
224,0
225,-1
226,-1
227,-1
228,-1
229,-1
230,-1
231,-1
232,-1
233,-1
234,-1
235,-1
236,-1
237,-1
238,-1
239,0
240,2
241,0
242,2
243,-1
244,-1
245,-1
246,-1
247,-1
248,-1
249,-1
250,-1
251,-1
252,-1
253,3
254,-1
255,-1
256,1
257,0
258,0
259,0
260,-1
261,3
262,1
263,-1
264,3
265,-1
266,2
267,-1
268,0
269,-1
270,-1
271,-1
272,-1
273,1
274,-1
275,-1
276,3
277,-1
278,-1
279,-1
280,-1
281,1
282,-1
283,1
284,0
285,-1
286,-1
287,-1
288,-1
289,-1
290,-1
291,-1
292,-1
293,-1
294,0
295,-1
296,-1
297,-1
298,-1
299,-1
300,0
301,-1
302,-1
303,2
304,-1
305,-1
306,-1
307,-1
308,1
309,2
310,-1
311,-1
312,-1
313,1
314,-1
315,-1
316,0
317,-1
318,-1
319,-1
320,-1
321,-1
322,-1
323,-1
324,-1
325,-1
326,-1
327,-1
328,0
329,-1
330,-1
331,-1
332,-1
333,-1
334,-1
335,2
336,-1
337,-1
338,-1
339,-1
340,-1
341,-1
342,-1
343,-1
344,-1
345,-1
346,-1
347,1
348,3
349,0
350,-1
351,-1
352,1
353,-1
354,0
355,1
356,-1
357,-1
358,-1
359,-1
360,-1
361,-1
362,3
363,-1
364,-1
365,-1
366,2
367,-1
368,0
369,-1
370,-1
371,-1
372,-1
373,-1
374,-1
375,3
376,-1
377,-1
378,0
379,3
380,-1
381,-1
382,-1
383,-1
384,-1
385,-1
386,-1
387,-1
388,-1
389,-1
390,-1
391,0
392,-1
393,1
394,-1
395,0
396,-1
397,1
398,-1
399,-1
400,1
401,-1
402,-1
403,-1
404,-1
405,1
406,-1
407,-1
408,-1
409,-1
410,-1
411,-1
412,-1
413,-1
414,-1
415,-1
416,-1
417,-1
418,-1
419,-1
420,-1
421,-1
422,-1
423,-1
424,-1
425,-1
426,1
427,-1
428,-1
429,-1
430,2
431,-1
432,-1
433,-1
434,-1
435,3
436,-1
437,-1
438,-1
439,1
440,3
441,-1
442,2
443,-1
444,-1
445,-1
446,-1
447,-1
448,-1
449,-1
450,-1
451,-1
452,-1
453,-1
454,2
455,1
456,-1
457,-1
458,-1
459,-1
460,-1
461,-1
462,-1
463,-1
464,-1
465,2
466,1
467,-1
468,-1
469,-1
470,-1
471,3
472,2
473,-1
474,-1
475,1
476,-1
477,-1
478,-1
479,0
480,-1
481,0
482,-1
483,-1
484,-1
485,-1
486,-1
487,0
488,-1
489,-1
490,1
491,-1
492,-1
493,-1
494,0
495,2
496,-1
497,-1
498,-1
499,-1
500,-1
501,3
502,-1
503,-1
504,0
505,-1
506,2
507,-1
508,-1
509,-1
510,-1
511,1
512,-1
513,1
514,1
515,1
516,-1
517,-1
518,-1
519,0
520,1
521,-1
522,-1
523,2
524,3
525,-1
526,-1
527,-1
528,-1
529,-1
530,0
531,-1
532,1
533,-1
534,-1
535,2
536,-1
537,-1
538,-1
539,2
540,-1
541,3
542,0
543,3
544,-1
545,-1
546,-1
547,-1
548,-1
549,-1
550,-1
551,1
552,-1
553,-1
554,0
555,-1
556,-1
557,1
558,-1
559,2
560,-1
561,-1
562,-1
563,-1
564,-1
565,1
566,2
567,-1
568,1
569,1
570,-1
571,-1
572,-1
573,-1
574,-1
575,-1
576,-1
577,-1
578,1
579,-1
580,-1
581,-1
582,-1
583,0
584,1
585,-1
586,-1
587,-1
588,-1
589,1
590,-1
591,1
592,0
593,-1
594,-1
595,-1
596,-1
597,0
598,1
599,3
600,-1
601,-1
602,-1
603,-1
604,-1
605,-1
606,-1
607,0
608,-1
609,-1
610,-1
611,-1
612,-1
613,-1
614,-1
615,-1
616,1
617,-1
618,-1
619,-1
620,-1
621,-1
622,-1
623,-1
624,-1
625,2
626,-1
627,-1
628,-1
629,-1
630,-1
631,-1
632,0
633,-1
634,0
635,-1
636,-1
637,3
638,0
639,2
640,3
641,-1
642,-1
643,-1
644,-1
645,-1
646,0
647,2
648,-1
649,-1
650,-1
651,3
652,3
653,-1
654,3
655,-1
656,0
657,0
658,-1
659,-1
660,2
661,-1
662,-1
663,-1
664,-1
665,-1
666,-1
667,-1
668,-1
669,1
670,-1
671,-1
672,0
673,-1
674,1
675,1
676,-1
677,-1
678,-1
679,-1
680,-1
681,-1
682,-1
683,-1
684,-1
685,4
686,0
687,-1
688,-1
689,1
690,2
691,-1
692,-1
693,-1
694,-1
695,-1
696,-1
697,-1
698,-1
699,-1
700,-1
701,3
702,-1
703,-1
704,1
705,-1
706,-1
707,-1
708,-1
709,-1
710,1
711,-1
712,1
713,2
714,-1
715,-1
716,2
717,-1
718,2
719,1
720,-1
721,-1
722,-1
723,-1
724,2
725,-1
726,-1
727,3
728,-1
729,-1
730,1
731,1
732,-1
733,-1
734,-1
735,2
736,-1
737,1
738,-1
739,-1
740,-1
741,3
742,2
743,-1
744,-1
745,-1
746,0
747,-1
748,-1
749,-1
750,2
751,2
752,2
753,2
754,2
755,2
756,-1
757,-1
758,2
759,2
760,2
761,2
762,2
763,2
764,2
765,2
766,2
767,2
768,2
769,2
770,2
771,2
772,2
773,2
774,2
775,2
776,2
777,2
778,2
779,2
780,2
781,-1
782,2
783,2
784,2
785,2
786,2
787,2
788,2
789,2
790,-1
791,-1
792,2
793,2
794,-1
795,2
796,2
797,2
798,-1
799,2
800,2
801,2
802,2
803,2
804,-1
805,2
806,2
807,2
808,2
809,-1
810,2
811,2
812,2
813,2
814,2
815,2
816,2
817,2
818,2
819,2
820,2
821,2
822,2
823,2
824,-1
825,2
826,2
827,-1
828,2
829,2
830,2
831,2
832,2
833,2
834,2
835,-1
836,2
837,2
838,2
839,2
840,2
841,2
842,2
843,-1
844,2
845,2
846,2
847,2
848,2
849,2
850,2
851,2
852,-1
853,2
854,2
855,-1
856,2
857,2
858,2
859,2
860,2
861,2
862,2
863,2
864,2
865,2
866,2
867,2
868,2
869,2
870,2
871,2
872,-1
873,2
874,2
875,2
876,2
877,2
878,2
879,2
880,2
881,2
882,2
883,2
884,2
885,2
886,2
887,2
888,2
889,2
890,2
891,2
892,2
893,2
894,2
895,2
896,-1
897,2
898,2
899,2
900,2
901,2
902,2
903,-1
904,2
905,-1
906,2
907,2
908,2
909,2
910,2
911,2
912,2
913,2
914,-1
915,2
916,2
917,2
918,2
919,2
920,2
921,2
922,2
923,2
924,2
925,2
926,2
927,2
928,2
929,2
930,2
931,2
932,2
933,2
934,2
935,2
936,2
937,2
938,2
939,2
940,2
941,2
942,2
943,2
944,2
945,2
946,2
947,2
948,2
949,2
950,2
951,2
952,2
953,2
954,-1
955,2
956,2
957,2
958,-1
959,2
960,2
961,2
962,2
963,2
964,2
965,2
966,2
967,2
968,2
969,2
970,2
971,2
972,2
973,2
974,2
975,-1
976,2
977,2
978,2
979,-1
980,2
981,2
982,2
983,2
984,-1
985,2
986,2
987,2
988,2
989,2
990,2
991,2
992,2
993,2
994,2
995,2
996,2
997,2
998,2
999,-1
1000,2
1001,2
1002,2
1003,2
1004,2
1005,2
1006,-1
1007,2
1008,2
1009,2
1010,2
1011,2
1012,2
1013,2
1014,2
1015,2
1016,-1
1017,2
1018,2
1019,2
1020,2
1021,2
1022,2
1023,2
1024,-1
1025,2
1026,2
1027,2
1028,2
1029,2
1030,2
1031,2
1032,2
1033,2
1034,2
1035,2
1036,2
1037,2
1038,-1
1039,2
1040,2
1041,-1
1042,2
1043,2
1044,2
1045,2
1046,2
1047,2
1048,2
1049,-1
1050,2
1051,2
1052,2
1053,2
1054,2
1055,-1
1056,2
1057,2
1058,2
1059,-1
1060,2
1061,2
1062,2
1063,2
1064,2
1065,2
1066,2
1067,-1
1068,2
1069,2
1070,2
1071,2
1072,2
1073,2
1074,2
1075,2
1076,2
1077,2
1078,-1
1079,2
1080,2
1081,2
1082,2
1083,2
1084,2
1085,2
1086,2
1087,2
1088,2
1089,2
1090,2
1091,2
1092,2
1093,2
1094,2
1095,2
1096,2
1097,-1
1098,2
1099,2
1100,2
1101,2
1102,2
1103,2
1104,2
1105,2
1106,2
1107,2
1108,2
1109,2
1110,2
1111,-1
1112,2
1113,2
1114,2
1115,2
1116,2
1117,2
1118,2
1119,2
1120,2
1121,2
1122,2
1123,2
1124,2
1125,-1
1126,2
1127,2
1128,2
1129,2
1130,-1
1131,2
1132,2
1133,2
1134,2
1135,-1
1136,2
1137,2
1138,2
1139,2
1140,-1
1141,2
1142,2
1143,2
1144,2
1145,-1
1146,2
1147,2
1148,2
1149,-1
1150,2
1151,2
1152,2
1153,2
1154,2
1155,2
1156,2
1157,-1
1158,2
1159,2
1160,2
1161,2
1162,2
1163,2
1164,2
1165,2
1166,2
1167,-1
1168,2
1169,-1
1170,2
1171,2
1172,2
1173,2
1174,2
1175,2
1176,2
1177,-1
1178,2
1179,2
1180,2
1181,2
1182,-1
1183,2
1184,2
1185,2
1186,2
1187,2
1188,2
1189,2
1190,2
1191,2
1192,2
1193,2
1194,2
1195,2
1196,2
1197,-1
1198,2
1199,2
1200,2
1201,2
1202,2
1203,2
1204,-1
1205,2
1206,-1
1207,-1
1208,2
1209,2
1210,2
1211,2
1212,2
1213,-1
1214,2
1215,2
1216,-1
1217,-1
1218,2
1219,2
1220,2
1221,2
1222,2
1223,-1
1224,2
1225,-1
1226,2
1227,2
1228,2
1229,-1
1230,2
1231,-1
1232,2
1233,2
1234,2
1235,2
1236,2
1237,2
1238,2
1239,2
1240,2
1241,-1
1242,2
1243,2
1244,2
1245,2
1246,2
1247,2
1248,2
1249,-1
1250,2
1251,2
1252,2
1253,2
1254,2
1255,2
1256,-1
1257,2
1258,2
1259,2
1260,-1
1261,2
1262,2
1263,2
1264,2
1265,2
1266,2
1267,2
1268,2
1269,2
1270,2
1271,2
1272,2
1273,2
1274,2
1275,2
1276,2
1277,2
1278,2
1279,2
1280,2
1281,2
1282,2
1283,2
1284,2
1285,2
1286,2
1287,2
1288,2
1289,2
1290,2
1291,2
1292,-1
1293,2
1294,2
1295,2
1296,2
1297,2
1298,2
1299,2
1300,2
1301,2
1302,2
1303,2
1304,2
1305,2
1306,2
1307,2
1308,2
1309,2
1310,2
1311,2
1312,2
1313,2
1314,2
1315,2
1316,2
1317,2
1318,2
1319,2
1320,2
1321,2
1322,2
1323,2
1324,2
1325,2
1326,2
1327,2
1328,2
1329,2
1330,2
1331,-1
1332,2
1333,2
1334,2
1335,2
1336,2
1337,-1
1338,2
1339,2
1340,2
1341,2
1342,2
1343,2
1344,2
1345,2
1346,2
1347,2
1348,2
1349,2
1350,2
1351,2
1352,2
1353,2
1354,2
1355,2
1356,2
1357,2
1358,2
1359,2
1360,2
1361,2
1362,2
1363,2
1364,2
1365,2
1366,2
1367,2
1368,2
1369,2
1370,2
1371,2
1372,2
1373,2
1374,2
1375,2
1376,2
1377,2
1378,2
1379,2
1380,2
1381,2
1382,-1
1383,2
1384,2
1385,2
1386,2
1387,2
1388,2
1389,2
1390,2
1391,2
1392,2
1393,-1
1394,-1
1395,-1
1396,2
1397,-1
1398,2
1399,-1
1400,2
1401,2
1402,2
1403,2
1404,-1
1405,2
1406,2
1407,2
1408,2
1409,-1
1410,2
1411,2
1412,2
1413,2
1414,2
1415,2
1416,2
1417,2
1418,2
1419,2
1420,2
1421,-1
1422,2
1423,2
1424,-1
1425,2
1426,2
1427,2
1428,2
1429,2
1430,2
1431,2
1432,2
1433,2
1434,2
1435,2
1436,-1
1437,2
1438,2
1439,2
1440,2
1441,2
1442,2
1443,2
1444,2
1445,2
1446,2
1447,-1
1448,2
1449,2
1450,2
1451,2
1452,2
1453,2
1454,2
1455,2
1456,2
1457,2
1458,2
1459,2
1460,2
1461,2
1462,2
1463,2
1464,2
1465,2
1466,-1
1467,2
1468,2
1469,2
1470,2
1471,2
1472,2
1473,2
1474,2
1475,-1
1476,2
1477,2
1478,2
1479,2
1480,2
1481,2
1482,2
1483,-1
1484,2
1485,2
1486,2
1487,2
1488,2
1489,2
1490,2
1491,2
1492,2
1493,2
1494,2
1495,2
1496,2
1497,2
1498,2
1499,2
1500,2
1501,2
1502,2
1503,2
1504,2
1505,-1
1506,2
1507,-1
1508,2
1509,2
1510,2
1511,2
1512,2
1513,2
1514,2
1515,2
1516,2
1517,2
1518,2
1519,2
1520,2
1521,2
1522,2
1523,2
1524,2
1525,2
1526,2
1527,2
1528,2
1529,2
1530,2
1531,2
1532,2
1533,2
1534,2
1535,2
1536,2
1537,2
1538,2
1539,2
1540,2
1541,2
1542,2
1543,2
1544,2
1545,2
1546,2
1547,2
1548,2
1549,-1
1550,2
1551,2
1552,2
1553,2
1554,-1
1555,2
1556,2
1557,2
1558,2
1559,2
1560,2
1561,2
1562,2
1563,2
1564,2
1565,2
1566,2
1567,-1
1568,2
1569,2
1570,2
1571,2
1572,2
1573,2
1574,2
1575,-1
1576,2
1577,2
1578,2
1579,2
1580,2
1581,2
1582,2
1583,2
1584,-1
1585,2
1586,2
1587,2
1588,2
1589,2
1590,2
1591,2
1592,2
1593,2
1594,2
1595,2
1596,-1
1597,2
1598,2
1599,2
1600,2
1601,2
1602,-1
1603,2
1604,-1
1605,2
1606,-1
1607,2
1608,2
1609,2
1610,-1
1611,2
1612,2
1613,2
1614,2
1615,2
1616,2
1617,2
1618,2
1619,2
1620,2
1621,2
1622,2
1623,-1
1624,-1
1625,2
1626,2
1627,2
1628,2
1629,2
1630,2
1631,2
1632,2
1633,2
1634,2
1635,2
1636,2
1637,2
1638,-1
1639,2
1640,2
1641,-1
1642,2
1643,2
1644,2
1645,2
1646,2
1647,2
1648,2
1649,-1
1650,2
1651,2
1652,2
1653,-1
1654,2
1655,2
1656,2
1657,2
1658,2
1659,-1
1660,2
1661,2
1662,2
1663,2
1664,2
1665,2
1666,2
1667,2
1668,2
1669,2
1670,-1
1671,2
1672,2
1673,2
1674,-1
1675,2
1676,2
1677,-1
1678,2
1679,2
1680,2
1681,-1
1682,2
1683,-1
1684,2
1685,2
1686,2
1687,2
1688,2
1689,2
1690,2
1691,2
1692,2
1693,2
1694,2
1695,2
1696,2
1697,2
1698,2
1699,-1
1700,-1
1701,2
1702,2
1703,2
1704,2
1705,2
1706,2
1707,-1
1708,2
1709,2
1710,2
1711,2
1712,-1
1713,-1
1714,2
1715,2
1716,2
1717,2
1718,2
1719,-1
1720,2
1721,2
1722,2
1723,2
1724,2
1725,-1
1726,2
1727,2
1728,2
1729,2
1730,2
1731,2
1732,2
1733,2
1734,2
1735,2
1736,2
1737,2
1738,2
1739,-1
1740,2
1741,2
1742,2
1743,2
1744,2
1745,-1
1746,2
1747,2
1748,2
1749,2
1750,2
1751,2
1752,2
1753,-1
1754,2
1755,2
1756,2
1757,2
1758,2
1759,2
1760,2
1761,2
1762,2
1763,2
1764,2
1765,-1
1766,2
1767,2
1768,2
1769,2
1770,2
1771,2
1772,2
1773,2
1774,2
1775,2
1776,2
1777,2
1778,2
1779,2
1780,2
1781,2
1782,2
1783,2
1784,2
1785,2
1786,-1
1787,2
1788,2
1789,2
1790,2
1791,2
1792,2
1793,2
1794,2
1795,2
1796,2
1797,2
1798,2
1799,2
1800,2
1801,2
1802,2
1803,2
1804,2
1805,2
1806,2
1807,2
1808,2
1809,2
1810,2
1811,-1
1812,2
1813,2
1814,2
1815,2
1816,2
1817,2
1818,2
1819,-1
1820,-1
1821,2
1822,2
1823,2
1824,2
1825,2
1826,2
1827,2
1828,-1
1829,2
1830,-1
1831,2
1832,2
1833,2
1834,2
1835,2
1836,2
1837,2
1838,2
1839,2
1840,2
1841,2
1842,2
1843,2
1844,2
1845,2
1846,2
1847,2
1848,2
1849,2
1850,2
1851,2
1852,2
1853,2
1854,2
1855,2
1856,2
1857,-1
1858,-1
1859,2
1860,2
1861,2
1862,2
1863,2
1864,2
1865,2
1866,2
1867,2
1868,2
1869,2
1870,2
1871,2
1872,2
1873,2
1874,2
1875,2
1876,2
1877,2
1878,2
1879,2
1880,2
1881,-1
1882,2
1883,2
1884,2
1885,2
1886,2
1887,2
1888,-1
1889,2
1890,2
1891,2
1892,2
1893,2
1894,2
1895,2
1896,2
1897,2
1898,2
1899,2
1900,2
1901,2
1902,2
1903,2
1904,2
1905,2
1906,2
1907,2
1908,2
1909,2
1910,2
1911,2
1912,2
1913,2
1914,-1
1915,-1
1916,-1
1917,2
1918,2
1919,2
1920,2
1921,2
1922,2
1923,2
1924,-1
1925,2
1926,2
1927,2
1928,2
1929,2
1930,2
1931,2
1932,-1
1933,2
1934,2
1935,2
1936,2
1937,2
1938,2
1939,2
1940,2
1941,2
1942,2
1943,-1
1944,2
1945,2
1946,2
1947,2
1948,2
1949,2
1950,2
1951,2
1952,2
1953,-1
1954,2
1955,2
1956,2
1957,2
1958,2
1959,2
1960,2
1961,-1
1962,2
1963,2
1964,2
1965,2
1966,2
1967,2
1968,2
1969,2
1970,2
1971,2
1972,2
1973,-1
1974,2
1975,2
1976,2
1977,2
1978,2
1979,2
1980,-1
1981,2
1982,2
1983,2
1984,2
1985,2
1986,2
1987,2
1988,2
1989,2
1990,2
1991,-1
1992,2
1993,2
1994,2
1995,2
1996,2
1997,2
1998,2
1999,2
2000,2
2001,2
2002,2
2003,2
2004,2
2005,2
2006,2
2007,2
2008,2
2009,2
2010,2
2011,2
2012,2
2013,2
2014,2
2015,2
2016,2
2017,2
2018,2
2019,-1
2020,2
2021,2
2022,-1
2023,2
2024,2
2025,2
2026,2
2027,2
2028,2
2029,2
2030,2
2031,2
2032,2
2033,2
2034,2
2035,-1
2036,2
2037,-1
2038,2
2039,2
2040,2
2041,2
2042,2
2043,2
2044,2
2045,2
2046,2
2047,2
2048,-1
2049,-1
2050,2
2051,2
2052,2
2053,2
2054,-1
2055,2
2056,-1
2057,2
2058,2
2059,2
2060,2
2061,2
2062,2
2063,2
2064,2
2065,2
2066,2
2067,2
2068,2
2069,2
2070,2
2071,2
2072,2
2073,2
2074,2
2075,2
2076,2
2077,2
2078,2
2079,2
2080,2
2081,2
2082,2
2083,-1
2084,2
2085,2
2086,2
2087,2
2088,2
2089,2
2090,2
2091,2
2092,2
2093,2
2094,2
2095,2
2096,2
2097,2
2098,-1
2099,2
2100,2
2101,2
2102,2
2103,2
2104,2
2105,2
2106,2
2107,2
2108,2
2109,2
2110,2
2111,2
2112,2
2113,2
2114,2
2115,2
2116,2
2117,2
2118,2
2119,2
2120,-1
2121,2
2122,2
2123,2
2124,2
2125,2
2126,-1
2127,2
2128,2
2129,2
2130,2
2131,2
2132,2
2133,-1
2134,2
2135,2
2136,2
2137,2
2138,2
2139,2
2140,2
2141,2
2142,2
2143,2
2144,2
2145,2
2146,2
2147,2
2148,2
2149,2
2150,2
2151,2
2152,-1
2153,2
2154,2
2155,-1
2156,2
2157,-1
2158,2
2159,2
2160,-1
2161,2
2162,2
2163,2
2164,2
2165,2
2166,2
2167,2
2168,2
2169,2
2170,2
2171,2
2172,2
2173,2
2174,2
2175,2
2176,2
2177,2
2178,2
2179,2
2180,2
2181,2
2182,2
2183,2
2184,2
2185,2
2186,2
2187,2
2188,2
2189,2
2190,2
2191,2
2192,-1
2193,2
2194,2
2195,2
2196,2
2197,2
2198,2
2199,2
2200,2
2201,2
2202,2
2203,-1
2204,2
2205,2
2206,2
2207,-1
2208,2
2209,2
2210,2
2211,2
2212,2
2213,2
2214,-1
2215,2
2216,2
2217,2
2218,2
2219,2
2220,2
2221,2
2222,-1
2223,2
2224,2
2225,2
2226,2
2227,2
2228,2
2229,2
2230,2
2231,2
2232,2
2233,2
2234,2
2235,2
2236,2
2237,2
2238,-1
2239,2
2240,2
2241,2
2242,2
2243,2
2244,-1
2245,2
2246,2
2247,2
2248,2
2249,-1
2250,2
2251,2
2252,2
2253,2
2254,2
2255,2
2256,2
2257,2
2258,2
2259,2
2260,2
2261,-1
2262,2
2263,2
2264,2
2265,2
2266,2
2267,2
2268,2
2269,-1
2270,-1
2271,2
2272,2
2273,2
2274,2
2275,2
2276,-1
2277,2
2278,2
2279,2
2280,2
2281,-1
2282,2
2283,2
2284,-1
2285,2
2286,2
2287,2
2288,2
2289,2
2290,2
2291,-1
2292,2
2293,2
2294,2
2295,2
2296,2
2297,2
2298,2
2299,2
2300,2
2301,2
2302,2
2303,2
2304,2
2305,2
2306,2
2307,2
2308,2
2309,2
2310,2
2311,-1
2312,2
2313,2
2314,2
2315,2
2316,-1
2317,2
2318,2
2319,2
2320,2
2321,2
2322,2
2323,2
2324,-1
2325,2
2326,-1
2327,2
2328,2
2329,2
2330,2
2331,2
2332,2
2333,2
2334,2
2335,-1
2336,2
2337,2
2338,2
2339,2
2340,2
2341,2
2342,2
2343,2
2344,2
2345,2
2346,2
2347,2
2348,2
2349,2
2350,2
2351,2
2352,2
2353,2
2354,2
2355,2
2356,2
2357,2
2358,2
2359,-1
2360,2
2361,2
2362,2
2363,2
2364,2
2365,2
2366,2
2367,2
2368,2
2369,2
2370,2
2371,2
2372,2
2373,2
2374,2
2375,2
2376,2
2377,2
2378,2
2379,2
2380,2
2381,2
2382,2
2383,2
2384,2
2385,2
2386,2
2387,2
2388,2
2389,2
2390,-1
2391,2
2392,2
2393,2
2394,-1
2395,2
2396,2
2397,-1
2398,2
2399,2
2400,2
2401,2
2402,2
2403,2
2404,2
2405,2
2406,2
2407,2
2408,2
2409,2
2410,2
2411,2
2412,-1
2413,2
2414,2
2415,2
2416,2
2417,-1
2418,2
2419,2
2420,2
2421,-1
2422,2
2423,2
2424,2
2425,2
2426,-1
2427,-1
2428,2
2429,-1
2430,2
2431,2
2432,2
2433,-1
2434,2
2435,2
2436,2
2437,-1
2438,2
2439,2
2440,-1
2441,2
2442,2
2443,2
2444,2
2445,2
2446,2
2447,2
2448,2
2449,2
2450,2
2451,2
2452,2
2453,-1
2454,2
2455,2
2456,2
2457,2
2458,2
2459,2
2460,2
2461,2
2462,2
2463,2
2464,-1
2465,2
2466,2
2467,-1
2468,2
2469,2
2470,2
2471,2
2472,-1
2473,2
2474,2
2475,2
2476,2
2477,2
2478,2
2479,2
2480,2
2481,-1
2482,2
2483,2
2484,-1
2485,2
2486,2
2487,2
2488,2
2489,-1
2490,2
2491,2
2492,-1
2493,2
2494,2
2495,2
2496,2
2497,2
2498,2
2499,2
2500,-1
2501,2
2502,2
2503,2
2504,2
2505,2
2506,2
2507,-1
2508,2
2509,2
2510,2
2511,2
2512,2
2513,2
2514,2
2515,2
2516,2
2517,2
2518,2
2519,2
2520,2
2521,2
2522,2
2523,2
2524,2
2525,2
2526,2
2527,2
2528,2
2529,-1
2530,2
2531,-1
2532,2
2533,2
2534,2
2535,2
2536,2
2537,2
2538,2
2539,2
2540,2
2541,2
2542,2
2543,2
2544,-1
2545,2
2546,2
2547,2
2548,-1
2549,2
2550,2
2551,2
2552,2
2553,2
2554,2
2555,-1
2556,2
2557,2
2558,2
2559,2
2560,2
2561,2
2562,2
2563,2
2564,2
2565,2
2566,2
2567,2
2568,-1
2569,2
2570,2
2571,2
2572,2
2573,2
2574,2
2575,2
2576,2
2577,2
2578,2
2579,2
2580,2
2581,2
2582,2
2583,2
2584,2
2585,2
2586,2
2587,2
2588,2
2589,2
2590,2
2591,2
2592,2
2593,2
2594,2
2595,-1
2596,2
2597,2
2598,-1
2599,2
2600,2
2601,2
2602,2
2603,2
2604,2
2605,2
2606,2
2607,2
2608,2
2609,2
2610,2
2611,2
2612,2
2613,2
2614,2
2615,2
2616,2
2617,2
2618,2
2619,2
2620,2
2621,2
2622,-1
2623,2
2624,2
2625,2
2626,2
2627,2
2628,2
2629,2
2630,2
2631,2
2632,2
2633,2
2634,2
2635,2
2636,2
2637,2
2638,2
2639,-1
2640,2
2641,2
2642,2
2643,2
2644,2
2645,2
2646,2
2647,2
2648,2
2649,2
2650,2
2651,2
2652,-1
2653,2
2654,2
2655,2
2656,2
2657,2
2658,2
2659,-1
2660,2
2661,2
2662,2
2663,2
2664,2
2665,2
2666,2
2667,2
2668,2
2669,2
2670,2
2671,2
2672,2
2673,2
2674,2
2675,2
2676,2
2677,2
2678,2
2679,2
2680,2
2681,2
2682,2
2683,2
2684,2
2685,-1
2686,2
2687,2
2688,2
2689,2
2690,2
2691,2
2692,2
2693,2
2694,2
2695,2
2696,2
2697,2
2698,2
2699,2
2700,-1
2701,0
2702,-1
2703,0
2704,-1
2705,-1
2706,0
2707,0
2708,0
2709,-1
2710,-1
2711,-1
2712,0
2713,-1
2714,-1
2715,-1
2716,-1
2717,-1
2718,0
2719,0
2720,0
2721,0
2722,0
2723,-1
2724,0
2725,-1
2726,-1
2727,-1
2728,-1
2729,0
2730,0
2731,-1
2732,-1
2733,0
2734,0
2735,0
2736,0
2737,-1
2738,-1
2739,-1
2740,0
2741,0
2742,0
2743,0
2744,0
2745,0
2746,-1
2747,-1
2748,0
2749,-1
2750,-1
2751,0
2752,-1
2753,0
2754,0
2755,0
2756,-1
2757,0
2758,0
2759,0
2760,0
2761,0
2762,-1
2763,0
2764,0
2765,-1
2766,0
2767,0
2768,0
2769,-1
2770,-1
2771,0
2772,0
2773,0
2774,0
2775,0
2776,0
2777,-1
2778,0
2779,0
2780,0
2781,-1
2782,0
2783,0
2784,-1
2785,0
2786,-1
2787,-1
2788,-1
2789,0
2790,0
2791,0
2792,0
2793,-1
2794,0
2795,0
2796,0
2797,-1
2798,-1
2799,0
2800,0
2801,-1
2802,-1
2803,0
2804,0
2805,0
2806,0
2807,0
2808,0
2809,0
2810,0
2811,0
2812,0
2813,-1
2814,0
2815,0
2816,-1
2817,-1
2818,-1
2819,0
2820,0
2821,0
2822,-1
2823,0
2824,0
2825,0
2826,0
2827,0
2828,0
2829,-1
2830,0
2831,0
2832,0
2833,0
2834,0
2835,0
2836,-1
2837,0
2838,-1
2839,0
2840,-1
2841,0
2842,-1
2843,0
2844,0
2845,-1
2846,-1
2847,-1
2848,0
2849,0
2850,0
2851,0
2852,0
2853,0
2854,0
2855,-1
2856,0
2857,0
2858,0
2859,-1
2860,0
2861,0
2862,0
2863,0
2864,0
2865,0
2866,-1
2867,0
2868,-1
2869,-1
2870,-1
2871,0
2872,0
2873,0
2874,-1
2875,0
2876,-1
2877,-1
2878,-1
2879,0
2880,0
2881,0
2882,0
2883,0
2884,0
2885,0
2886,0
2887,0
2888,-1
2889,0
2890,-1
2891,0
2892,0
2893,-1
2894,0
2895,-1
2896,0
2897,0
2898,0
2899,0
2900,0
2901,0
2902,0
2903,0
2904,0
2905,0
2906,0
2907,-1
2908,0
2909,0
2910,-1
2911,0
2912,0
2913,0
2914,0
2915,0
2916,-1
2917,0
2918,0
2919,-1
2920,0
2921,0
2922,0
2923,0
2924,0
2925,0
2926,0
2927,0
2928,-1
2929,0
2930,0
2931,-1
2932,0
2933,0
2934,-1
2935,-1
2936,0
2937,-1
2938,0
2939,-1
2940,0
2941,0
2942,0
2943,0
2944,0
2945,-1
2946,0
2947,0
2948,-1
2949,0
2950,-1
2951,0
2952,0
2953,-1
2954,0
2955,-1
2956,0
2957,0
2958,0
2959,0
2960,-1
2961,0
2962,0
2963,-1
2964,-1
2965,-1
2966,0
2967,0
2968,0
2969,-1
2970,0
2971,-1
2972,0
2973,0
2974,0
2975,0
2976,-1
2977,-1
2978,-1
2979,0
2980,-1
2981,-1
2982,0
2983,0
2984,0
2985,-1
2986,0
2987,0
2988,0
2989,0
2990,0
2991,0
2992,0
2993,-1
2994,0
2995,0
2996,-1
2997,0
2998,0
2999,0
3000,0
3001,0
3002,0
3003,0
3004,0
3005,-1
3006,0
3007,-1
3008,-1
3009,0
3010,-1
3011,0
3012,0
3013,0
3014,-1
3015,0
3016,0
3017,0
3018,0
3019,-1
3020,-1
3021,-1
3022,0
3023,0
3024,0
3025,-1
3026,0
3027,0
3028,0
3029,0
3030,0
3031,0
3032,0
3033,-1
3034,-1
3035,-1
3036,-1
3037,0
3038,0
3039,0
3040,-1
3041,0
3042,0
3043,-1
3044,0
3045,0
3046,0
3047,0
3048,0
3049,-1
3050,-1
3051,0
3052,-1
3053,-1
3054,-1
3055,0
3056,-1
3057,0
3058,0
3059,-1
3060,-1
3061,0
3062,0
3063,0
3064,-1
3065,0
3066,0
3067,0
3068,-1
3069,1
3070,-1
3071,-1
3072,0
3073,0
3074,0
3075,0
3076,0
3077,-1
3078,0
3079,0
3080,0
3081,0
3082,0
3083,-1
3084,0
3085,-1
3086,0
3087,0
3088,-1
3089,0
3090,0
3091,0
3092,0
3093,0
3094,0
3095,-1
3096,0
3097,-1
3098,-1
3099,0
3100,0
3101,0
3102,-1
3103,0
3104,0
3105,0
3106,0
3107,-1
3108,-1
3109,0
3110,0
3111,0
3112,-1
3113,0
3114,0
3115,0
3116,0
3117,-1
3118,0
3119,-1
3120,0
3121,-1
3122,0
3123,0
3124,-1
3125,0
3126,0
3127,-1
3128,0
3129,0
3130,0
3131,-1
3132,0
3133,0
3134,0
3135,0
3136,0
3137,-1
3138,-1
3139,0
3140,0
3141,-1
3142,-1
3143,0
3144,0
3145,-1
3146,-1
3147,0
3148,0
3149,0
3150,0
3151,0
3152,0
3153,-1
3154,0
3155,-1
3156,-1
3157,0
3158,0
3159,0
3160,0
3161,-1
3162,0
3163,-1
3164,0
3165,-1
3166,0
3167,0
3168,1
3169,0
3170,0
3171,0
3172,0
3173,0
3174,-1
3175,0
3176,0
3177,-1
3178,-1
3179,-1
3180,-1
3181,-1
3182,0
3183,-1
3184,0
3185,0
3186,-1
3187,0
3188,0
3189,0
3190,0
3191,-1
3192,0
3193,0
3194,-1
3195,0
3196,0
3197,0
3198,-1
3199,0
3200,0
3201,0
3202,0
3203,-1
3204,0
3205,-1
3206,0
3207,-1
3208,-1
3209,-1
3210,0
3211,-1
3212,0
3213,0
3214,0
3215,-1
3216,-1
3217,-1
3218,-1
3219,-1
3220,0
3221,-1
3222,0
3223,-1
3224,-1
3225,0
3226,0
3227,-1
3228,-1
3229,0
3230,0
3231,0
3232,0
3233,-1
3234,-1
3235,0
3236,0
3237,-1
3238,0
3239,0
3240,0
3241,0
3242,0
3243,-1
3244,0
3245,0
3246,0
3247,0
3248,0
3249,-1
3250,0
3251,0
3252,-1
3253,-1
3254,0
3255,0
3256,0
3257,-1
3258,-1
3259,0
3260,0
3261,0
3262,-1
3263,0
3264,-1
3265,0
3266,-1
3267,0
3268,0
3269,0
3270,-1
3271,-1
3272,0
3273,0
3274,0
3275,-1
3276,0
3277,0
3278,-1
3279,-1
3280,0
3281,-1
3282,0
3283,0
3284,0
3285,0
3286,0
3287,0
3288,0
3289,0
3290,0
3291,0
3292,-1
3293,0
3294,0
3295,0
3296,-1
3297,0
3298,-1
3299,-1
3300,0
3301,-1
3302,0
3303,0
3304,0
3305,-1
3306,0
3307,-1
3308,0
3309,0
3310,0
3311,0
3312,0
3313,-1
3314,-1
3315,0
3316,0
3317,0
3318,-1
3319,0
3320,0
3321,0
3322,0
3323,-1
3324,0
3325,0
3326,0
3327,-1
3328,-1
3329,0
3330,0
3331,0
3332,0
3333,-1
3334,-1
3335,0
3336,0
3337,0
3338,0
3339,0
3340,-1
3341,-1
3342,-1
3343,-1
3344,0
3345,-1
3346,-1
3347,-1
3348,-1
3349,0
3350,0
3351,0
3352,0
3353,0
3354,0
3355,0
3356,0
3357,0
3358,-1
3359,0
3360,0
3361,0
3362,0
3363,-1
3364,0
3365,0
3366,0
3367,0
3368,0
3369,0
3370,-1
3371,0
3372,0
3373,0
3374,-1
3375,-1
3376,-1
3377,0
3378,0
3379,-1
3380,-1
3381,0
3382,0
3383,0
3384,0
3385,0
3386,-1
3387,-1
3388,-1
3389,0
3390,0
3391,-1
3392,0
3393,-1
3394,-1
3395,0
3396,0
3397,0
3398,0
3399,-1
3400,-1
3401,-1
3402,0
3403,-1
3404,0
3405,0
3406,0
3407,0
3408,-1
3409,0
3410,-1
3411,-1
3412,0
3413,-1
3414,-1
3415,0
3416,-1
3417,0
3418,0
3419,-1
3420,0
3421,0
3422,0
3423,0
3424,-1
3425,0
3426,0
3427,0
3428,0
3429,0
3430,0
3431,0
3432,-1
3433,0
3434,0
3435,-1
3436,0
3437,-1
3438,0
3439,0
3440,0
3441,0
3442,0
3443,0
3444,0
3445,-1
3446,-1
3447,-1
3448,-1
3449,-1
3450,0
3451,0
3452,-1
3453,0
3454,0
3455,-1
3456,0
3457,-1
3458,0
3459,0
3460,0
3461,0
3462,-1
3463,0
3464,0
3465,-1
3466,-1
3467,0
3468,0
3469,0
3470,0
3471,0
3472,0
3473,-1
3474,0
3475,0
3476,0
3477,0
3478,0
3479,0
3480,0
3481,-1
3482,0
3483,0
3484,0
3485,-1
3486,0
3487,0
3488,0
3489,0
3490,-1
3491,0
3492,-1
3493,0
3494,0
3495,0
3496,0
3497,0
3498,-1
3499,0
3500,0
3501,0
3502,0
3503,0
3504,0
3505,0
3506,-1
3507,-1
3508,0
3509,-1
3510,0
3511,0
3512,0
3513,0
3514,0
3515,0
3516,0
3517,-1
3518,0
3519,0
3520,0
3521,0
3522,0
3523,0
3524,-1
3525,0
3526,-1
3527,-1
3528,0
3529,0
3530,-1
3531,-1
3532,0
3533,0
3534,-1
3535,-1
3536,0
3537,0
3538,0
3539,-1
3540,0
3541,-1
3542,-1
3543,0
3544,0
3545,0
3546,0
3547,-1
3548,-1
3549,0
3550,0
3551,-1
3552,-1
3553,0
3554,-1
3555,0
3556,0
3557,0
3558,-1
3559,0
3560,0
3561,0
3562,0
3563,-1
3564,-1
3565,-1
3566,0
3567,-1
3568,0
3569,0
3570,0
3571,0
3572,-1
3573,-1
3574,-1
3575,0
3576,-1
3577,-1
3578,0
3579,-1
3580,-1
3581,0
3582,-1
3583,-1
3584,-1
3585,-1
3586,0
3587,0
3588,0
3589,-1
3590,0
3591,-1
3592,0
3593,-1
3594,0
3595,-1
3596,0
3597,0
3598,0
3599,0
3600,0
3601,-1
3602,0
3603,0
3604,0
3605,0
3606,0
3607,-1
3608,0
3609,0
3610,0
3611,0
3612,0
3613,0
3614,-1
3615,0
3616,0
3617,0
3618,-1
3619,0
3620,0
3621,-1
3622,-1
3623,0
3624,0
3625,0
3626,0
3627,-1
3628,0
3629,0
3630,0
3631,0
3632,0
3633,-1
3634,0
3635,0
3636,0
3637,-1
3638,-1
3639,0
3640,0
3641,-1
3642,0
3643,0
3644,0
3645,-1
3646,0
3647,0
3648,0
3649,0
3650,0
3651,-1
3652,-1
3653,-1
3654,-1
3655,-1
3656,-1
3657,-1
3658,-1
3659,-1
3660,0
3661,-1
3662,0
3663,-1
3664,0
3665,0
3666,0
3667,0
3668,-1
3669,0
3670,0
3671,0
3672,0
3673,-1
3674,0
3675,0
3676,-1
3677,0
3678,-1
3679,-1
3680,0
3681,0
3682,0
3683,0
3684,0
3685,-1
3686,0
3687,0
3688,0
3689,0
3690,-1
3691,-1
3692,0
3693,-1
3694,0
3695,0
3696,0
3697,-1
3698,0
3699,0
3700,0
3701,-1
3702,0
3703,-1
3704,0
3705,0
3706,0
3707,0
3708,0
3709,-1
3710,-1
3711,0
3712,1
3713,-1
3714,-1
3715,0
3716,0
3717,0
3718,0
3719,0
3720,-1
3721,-1
3722,-1
3723,-1
3724,0
3725,0
3726,-1
3727,-1
3728,0
3729,0
3730,0
3731,0
3732,-1
3733,0
3734,-1
3735,0
3736,-1
3737,-1
3738,0
3739,-1
3740,0
3741,0
3742,0
3743,0
3744,-1
3745,0
3746,0
3747,0
3748,0
3749,0
3750,0
3751,0
3752,0
3753,-1
3754,0
3755,-1
3756,0
3757,-1
3758,0
3759,0
3760,-1
3761,0
3762,-1
3763,0
3764,0
3765,1
3766,-1
3767,0
3768,0
3769,-1
3770,-1
3771,-1
3772,0
3773,0
3774,0
3775,0
3776,0
3777,0
3778,-1
3779,-1
3780,0
3781,0
3782,0
3783,0
3784,0
3785,0
3786,-1
3787,0
3788,0
3789,0
3790,0
3791,-1
3792,-1
3793,-1
3794,-1
3795,0
3796,-1
3797,-1
3798,0
3799,0
3800,0
3801,-1
3802,0
3803,0
3804,0
3805,0
3806,0
3807,-1
3808,-1
3809,0
3810,0
3811,-1
3812,0
3813,0
3814,-1
3815,0
3816,0
3817,0
3818,0
3819,-1
3820,-1
3821,0
3822,0
3823,0
3824,-1
3825,-1
3826,0
3827,-1
3828,0
3829,0
3830,0
3831,0
3832,0
3833,-1
3834,0
3835,-1
3836,-1
3837,0
3838,0
3839,-1
3840,0
3841,-1
3842,-1
3843,-1
3844,0
3845,0
3846,0
3847,0
3848,-1
3849,0
3850,-1
3851,0
3852,0
3853,0
3854,0
3855,-1
3856,0
3857,0
3858,0
3859,0
3860,0
3861,0
3862,0
3863,-1
3864,0
3865,0
3866,0
3867,0
3868,0
3869,0
3870,0
3871,0
3872,0
3873,0
3874,-1
3875,-1
3876,0
3877,0
3878,-1
3879,0
3880,0
3881,0
3882,-1
3883,0
3884,0
3885,0
3886,-1
3887,0
3888,0
3889,-1
3890,0
3891,0
3892,-1
3893,0
3894,-1
3895,0
3896,-1
3897,0
3898,0
3899,0
3900,0
3901,-1
3902,0
3903,-1
3904,-1
3905,0
3906,0
3907,0
3908,0
3909,0
3910,0
3911,-1
3912,0
3913,0
3914,0
3915,0
3916,0
3917,0
3918,-1
3919,0
3920,-1
3921,0
3922,-1
3923,0
3924,0
3925,0
3926,-1
3927,-1
3928,0
3929,-1
3930,0
3931,0
3932,-1
3933,-1
3934,0
3935,0
3936,0
3937,-1
3938,0
3939,0
3940,0
3941,0
3942,0
3943,-1
3944,0
3945,0
3946,-1
3947,-1
3948,0
3949,0
3950,0
3951,0
3952,0
3953,0
3954,0
3955,0
3956,0
3957,0
3958,-1
3959,2
3960,0
3961,0
3962,0
3963,0
3964,-1
3965,-1
3966,0
3967,-1
3968,-1
3969,-1
3970,-1
3971,0
3972,0
3973,0
3974,0
3975,-1
3976,0
3977,-1
3978,0
3979,0
3980,0
3981,0
3982,0
3983,-1
3984,0
3985,0
3986,-1
3987,0
3988,-1
3989,0
3990,0
3991,0
3992,0
3993,0
3994,-1
3995,-1
3996,-1
3997,-1
3998,-1
3999,0
4000,-1
4001,0
4002,-1
4003,-1
4004,0
4005,0
4006,0
4007,0
4008,0
4009,-1
4010,0
4011,-1
4012,-1
4013,0
4014,0
4015,0
4016,0
4017,0
4018,0
4019,0
4020,0
4021,0
4022,0
4023,0
4024,0
4025,0
4026,0
4027,0
4028,0
4029,0
4030,0
4031,0
4032,0
4033,-1
4034,0
4035,0
4036,-1
4037,0
4038,0
4039,0
4040,-1
4041,0
4042,-1
4043,-1
4044,0
4045,0
4046,0
4047,0
4048,0
4049,-1
4050,0
4051,0
4052,-1
4053,0
4054,0
4055,-1
4056,-1
4057,0
4058,0
4059,-1
4060,0
4061,-1
4062,0
4063,0
4064,0
4065,0
4066,0
4067,0
4068,0
4069,0
4070,0
4071,-1
4072,-1
4073,0
4074,-1
4075,-1
4076,-1
4077,0
4078,-1
4079,0
4080,0
4081,0
4082,0
4083,-1
4084,0
4085,-1
4086,0
4087,0
4088,-1
4089,0
4090,-1
4091,0
4092,-1
4093,0
4094,0
4095,0
4096,-1
4097,0
4098,0
4099,0
4100,0
4101,0
4102,0
4103,0
4104,0
4105,0
4106,-1
4107,0
4108,0
4109,-1
4110,-1
4111,0
4112,0
4113,-1
4114,-1
4115,0
4116,0
4117,0
4118,-1
4119,-1
4120,0
4121,0
4122,0
4123,0
4124,-1
4125,0
4126,0
4127,-1
4128,-1
4129,-1
4130,0
4131,-1
4132,0
4133,-1
4134,0
4135,0
4136,0
4137,0
4138,0
4139,-1
4140,-1
4141,-1
4142,0
4143,0
4144,0
4145,0
4146,-1
4147,-1
4148,0
4149,0
4150,0
4151,0
4152,0
4153,-1
4154,-1
4155,-1
4156,-1
4157,0
4158,0
4159,-1
4160,0
4161,0
4162,0
4163,0
4164,-1
4165,-1
4166,0
4167,0
4168,0
4169,0
4170,-1
4171,0
4172,0
4173,-1
4174,0
4175,-1
4176,0
4177,0
4178,-1
4179,0
4180,0
4181,-1
4182,0
4183,-1
4184,-1
4185,0
4186,0
4187,0
4188,-1
4189,0
4190,-1
4191,-1
4192,-1
4193,0
4194,-1
4195,0
4196,-1
4197,0
4198,-1
4199,0
4200,0
4201,0
4202,0
4203,0
4204,0
4205,-1
4206,0
4207,0
4208,0
4209,0
4210,0
4211,-1
4212,0
4213,-1
4214,-1
4215,0
4216,-1
4217,-1
4218,0
4219,0
4220,0
4221,-1
4222,0
4223,0
4224,0
4225,-1
4226,-1
4227,0
4228,0
4229,0
4230,0
4231,0
4232,0
4233,0
4234,-1
4235,0
4236,0
4237,0
4238,0
4239,-1
4240,-1
4241,-1
4242,-1
4243,0
4244,0
4245,0
4246,0
4247,0
4248,0
4249,0
4250,0
4251,0
4252,-1
4253,0
4254,-1
4255,-1
4256,0
4257,0
4258,0
4259,-1
4260,0
4261,-1
4262,0
4263,0
4264,0
4265,-1
4266,0
4267,0
4268,-1
4269,0
4270,0
4271,-1
4272,0
4273,0
4274,0
4275,0
4276,0
4277,0
4278,-1
4279,0
4280,0
4281,0
4282,0
4283,-1
4284,0
4285,-1
4286,-1
4287,0
4288,-1
4289,-1
4290,-1
4291,0
4292,0
4293,0
4294,0
4295,-1
4296,-1
4297,-1
4298,0
4299,0
4300,0
4301,0
4302,0
4303,0
4304,0
4305,0
4306,-1
4307,-1
4308,-1
4309,0
4310,0
4311,-1
4312,-1
4313,0
4314,0
4315,0
4316,0
4317,0
4318,0
4319,-1
4320,0
4321,0
4322,0
4323,1
4324,0
4325,-1
4326,0
4327,-1
4328,0
4329,0
4330,0
4331,0
4332,0
4333,0
4334,0
4335,0
4336,0
4337,0
4338,0
4339,-1
4340,0
4341,0
4342,-1
4343,-1
4344,0
4345,-1
4346,0
4347,-1
4348,-1
4349,-1
4350,-1
4351,0
4352,0
4353,0
4354,0
4355,0
4356,0
4357,-1
4358,-1
4359,-1
4360,0
4361,-1
4362,-1
4363,-1
4364,-1
4365,-1
4366,0
4367,0
4368,-1
4369,-1
4370,0
4371,0
4372,-1
4373,0
4374,0
4375,-1
4376,0
4377,0
4378,0
4379,0
4380,0
4381,-1
4382,0
4383,-1
4384,0
4385,0
4386,-1
4387,0
4388,0
4389,-1
4390,-1
4391,0
4392,0
4393,0
4394,1
4395,-1
4396,0
4397,-1
4398,0
4399,0
4400,0
4401,0
4402,-1
4403,0
4404,-1
4405,-1
4406,0
4407,-1
4408,0
4409,-1
4410,-1
4411,0
4412,0
4413,0
4414,0
4415,0
4416,0
4417,-1
4418,0
4419,0
4420,0
4421,0
4422,0
4423,0
4424,0
4425,0
4426,0
4427,0
4428,1
4429,-1
4430,0
4431,0
4432,0
4433,0
4434,0
4435,-1
4436,0
4437,0
4438,0
4439,-1
4440,0
4441,0
4442,0
4443,0
4444,-1
4445,0
4446,-1
4447,0
4448,0
4449,0
4450,-1
4451,0
4452,0
4453,-1
4454,0
4455,0
4456,-1
4457,-1
4458,0
4459,0
4460,-1
4461,-1
4462,0
4463,0
4464,-1
4465,0
4466,0
4467,1
4468,-1
4469,0
4470,0
4471,0
4472,0
4473,0
4474,0
4475,0
4476,0
4477,-1
4478,-1
4479,-1
4480,-1
4481,0
4482,0
4483,0
4484,0
4485,-1
4486,-1
4487,0
4488,-1
4489,-1
4490,0
4491,0
4492,0
4493,-1
4494,0
4495,0
4496,0
4497,-1
4498,0
4499,-1
4500,0
4501,0
4502,0
4503,0
4504,0
4505,0
4506,0
4507,0
4508,-1
4509,0
4510,-1
4511,0
4512,0
4513,0
4514,-1
4515,0
4516,0
4517,0
4518,-1
4519,0
4520,-1
4521,-1
4522,-1
4523,-1
4524,0
4525,0
4526,0
4527,-1
4528,-1
4529,0
4530,0
4531,0
4532,-1
4533,0
4534,0
4535,0
4536,0
4537,0
4538,-1
4539,0
4540,-1
4541,0
4542,0
4543,0
4544,0
4545,-1
4546,-1
4547,0
4548,0
4549,0
4550,0
4551,0
4552,-1
4553,1
4554,0
4555,0
4556,0
4557,0
4558,-1
4559,0
4560,0
4561,0
4562,0
4563,0
4564,0
4565,0
4566,0
4567,0
4568,-1
4569,-1
4570,0
4571,0
4572,-1
4573,-1
4574,0
4575,-1
4576,0
4577,-1
4578,0
4579,0
4580,-1
4581,-1
4582,0
4583,0
4584,-1
4585,0
4586,0
4587,-1
4588,0
4589,0
4590,0
4591,0
4592,0
4593,-1
4594,0
4595,0
4596,-1
4597,0
4598,0
4599,0
4600,0
4601,-1
4602,0
4603,0
4604,-1
4605,0
4606,0
4607,0
4608,0
4609,-1
4610,-1
4611,0
4612,0
4613,0
4614,0
4615,-1
4616,0
4617,-1
4618,0
4619,1
4620,0
4621,0
4622,0
4623,0
4624,0
4625,-1
4626,0
4627,0
4628,-1
4629,-1
4630,0
4631,0
4632,0
4633,0
4634,0
4635,0
4636,0
4637,0
4638,0
4639,0
4640,-1
4641,0
4642,0
4643,0
4644,-1
4645,-1
4646,-1
4647,-1
4648,-1
4649,0
4650,0
4651,0
4652,0
4653,0
4654,0
4655,0
4656,0
4657,0
4658,0
4659,0
4660,-1
4661,0
4662,0
4663,0
4664,0
4665,0
4666,0
4667,-1
4668,0
4669,-1
4670,0
4671,0
4672,0
4673,0
4674,0
4675,-1
4676,0
4677,0
4678,0
4679,0
4680,-1
4681,-1
4682,-1
4683,0
4684,-1
4685,0
4686,0
4687,0
4688,-1
4689,-1
4690,-1
4691,0
4692,-1
4693,0
4694,-1
4695,-1
4696,-1
4697,0
4698,-1
4699,-1
4700,0
4701,0
4702,0
4703,0
4704,-1
4705,0
4706,0
4707,0
4708,0
4709,0
4710,-1
4711,0
4712,-1
4713,0
4714,0
4715,-1
4716,-1
4717,0
4718,0
4719,-1
4720,0
4721,0
4722,-1
4723,-1
4724,0
4725,0
4726,0
4727,-1
4728,0
4729,0
4730,-1
4731,0
4732,-1
4733,-1
4734,0
4735,0
4736,0
4737,0
4738,0
4739,0
4740,-1
4741,0
4742,-1
4743,0
4744,0
4745,0
4746,-1
4747,-1
4748,0
4749,-1
4750,-1
4751,0
4752,0
4753,0
4754,-1
4755,0
4756,0
4757,0
4758,0
4759,-1
4760,0
4761,0
4762,0
4763,-1
4764,-1
4765,0
4766,-1
4767,-1
4768,0
4769,0
4770,-1
4771,0
4772,-1
4773,-1
4774,-1
4775,0
4776,-1
4777,0
4778,0
4779,0
4780,0
4781,0
4782,0
4783,0
4784,0
4785,-1
4786,0
4787,-1
4788,0
4789,0
4790,0
4791,-1
4792,0
4793,0
4794,-1
4795,0
4796,0
4797,0
4798,0
4799,0
4800,0
4801,-1
4802,0
4803,-1
4804,0
4805,-1
4806,0
4807,-1
4808,0
4809,-1
4810,0
4811,0
4812,-1
4813,0
4814,0
4815,0
4816,0
4817,0
4818,-1
4819,0
4820,-1
4821,0
4822,-1
4823,0
4824,0
4825,0
4826,0
4827,-1
4828,0
4829,0
4830,0
4831,-1
4832,0
4833,0
4834,0
4835,0
4836,0
4837,0
4838,-1
4839,0
4840,0
4841,0
4842,0
4843,-1
4844,0
4845,0
4846,-1
4847,0
4848,0
4849,0
4850,-1
4851,0
4852,-1
4853,-1
4854,0
4855,-1
4856,0
4857,-1
4858,0
4859,0
4860,0
4861,-1
4862,0
4863,-1
4864,-1
4865,-1
4866,0
4867,-1
4868,0
4869,-1
4870,0
4871,0
4872,0
4873,-1
4874,-1
4875,-1
4876,0
4877,0
4878,-1
4879,0
4880,0
4881,0
4882,0
4883,-1
4884,-1
4885,0
4886,0
4887,0
4888,-1
4889,0
4890,0
4891,0
4892,-1
4893,0
4894,-1
4895,0
4896,-1
4897,0
4898,-1
4899,0
4900,0
4901,0
4902,0
4903,-1
4904,-1
4905,0
4906,0
4907,0
4908,0
4909,-1
4910,0
4911,-1
4912,0
4913,0
4914,0
4915,-1
4916,0
4917,0
4918,0
4919,0
4920,0
4921,0
4922,0
4923,0
4924,-1
4925,-1
4926,0
4927,0
4928,-1
4929,0
4930,0
4931,0
4932,0
4933,0
4934,0
4935,-1
4936,-1
4937,0
4938,-1
4939,-1
4940,0
4941,0
4942,0
4943,-1
4944,0
4945,0
4946,0
4947,0
4948,0
4949,0
4950,0
4951,-1
4952,0
4953,0
4954,0
4955,0
4956,0
4957,-1
4958,0
4959,-1
4960,0
4961,-1
4962,-1
4963,0
4964,0
4965,-1
4966,0
4967,0
4968,0
4969,0
4970,0
4971,0
4972,0
4973,0
4974,0
4975,0
4976,0
4977,0
4978,-1
4979,0
4980,0
4981,0
4982,0
4983,0
4984,-1
4985,0
4986,0
4987,0
4988,0
4989,0
4990,0
4991,0
4992,0
4993,0
4994,0
4995,0
4996,0
4997,-1
4998,-1
4999,0
5000,0
5001,0
5002,0
5003,0
5004,0
5005,0
5006,0
5007,0
5008,0
5009,-1
5010,-1
5011,0
5012,0
5013,0
5014,0
5015,0
5016,0
5017,0
5018,1
5019,0
5020,0
5021,0
5022,0
5023,-1
5024,0
5025,-1
5026,-1
5027,0
5028,0
5029,0
5030,-1
5031,0
5032,0
5033,0
5034,0
5035,0
5036,-1
5037,-1
5038,0
5039,-1
5040,0
5041,0
5042,-1
5043,-1
5044,0
5045,0
5046,0
5047,0
5048,-1
5049,0
5050,0
5051,0
5052,0
5053,0
5054,0
5055,0
5056,1
5057,-1
5058,0
5059,0
5060,0
5061,0
5062,-1
5063,-1
5064,0
5065,-1
5066,0
5067,-1
5068,-1
5069,-1
5070,0
5071,0
5072,-1
5073,0
5074,0
5075,0
5076,-1
5077,-1
5078,0
5079,-1
5080,0
5081,-1
5082,-1
5083,0
5084,0
5085,-1
5086,-1
5087,-1
5088,0
5089,0
5090,0
5091,0
5092,0
5093,-1
5094,0
5095,0
5096,-1
5097,0
5098,-1
5099,-1
5100,-1
5101,0
5102,-1
5103,-1
5104,0
5105,0
5106,0
5107,-1
5108,-1
5109,-1
5110,0
5111,0
5112,0
5113,0
5114,-1
5115,0
5116,0
5117,-1
5118,-1
5119,0
5120,-1
5121,0
5122,-1
5123,0
5124,0
5125,0
5126,-1
5127,0
5128,0
5129,-1
5130,0
5131,0
5132,0
5133,-1
5134,0
5135,0
5136,0
5137,0
5138,0
5139,-1
5140,0
5141,0
5142,-1
5143,0
5144,0
5145,-1
5146,-1
5147,0
5148,0
5149,0
5150,0
5151,0
5152,0
5153,0
5154,0
5155,-1
5156,0
5157,-1
5158,-1
5159,0
5160,-1
5161,0
5162,-1
5163,0
5164,-1
5165,0
5166,0
5167,-1
5168,0
5169,0
5170,0
5171,0
5172,0
5173,0
5174,0
5175,-1
5176,0
5177,0
5178,0
5179,0
5180,-1
5181,0
5182,0
5183,-1
5184,0
5185,-1
5186,0
5187,0
5188,-1
5189,0
5190,0
5191,-1
5192,0
5193,-1
5194,-1
5195,-1
5196,-1
5197,0
5198,0
5199,0
5200,0
5201,-1
5202,0
5203,-1
5204,0
5205,0
5206,0
5207,0
5208,0
5209,0
5210,0
5211,0
5212,0
5213,0
5214,-1
5215,0
5216,0
5217,-1
5218,-1
5219,-1
5220,0
5221,-1
5222,0
5223,0
5224,0
5225,0
5226,0
5227,0
5228,-1
5229,0
5230,-1
5231,-1
5232,0
5233,-1
5234,0
5235,-1
5236,-1
5237,0
5238,0
5239,-1
5240,0
5241,0
5242,-1
5243,-1
5244,0
5245,0
5246,0
5247,-1
5248,0
5249,0
5250,-1
5251,0
5252,0
5253,0
5254,-1
5255,0
5256,0
5257,0
5258,-1
5259,-1
5260,0
5261,1
5262,0
5263,-1
5264,-1
5265,0
5266,0
5267,-1
5268,-1
5269,0
5270,0
5271,0
5272,-1
5273,-1
5274,0
5275,0
5276,-1
5277,-1
5278,-1
5279,-1
5280,0
5281,0
5282,0
5283,-1
5284,-1
5285,0
5286,0
5287,-1
5288,-1
5289,0
5290,-1
5291,-1
5292,-1
5293,0
5294,-1
5295,0
5296,0
5297,0
5298,0
5299,0
5300,0
5301,0
5302,0
5303,0
5304,0
5305,0
5306,-1
5307,0
5308,0
5309,0
5310,0
5311,0
5312,-1
5313,-1
5314,-1
5315,0
5316,-1
5317,0
5318,0
5319,-1
5320,0
5321,0
5322,-1
5323,-1
5324,-1
5325,0
5326,0
5327,-1
5328,-1
5329,-1
5330,0
5331,-1
5332,0
5333,0
5334,0
5335,0
5336,-1
5337,0
5338,0
5339,0
5340,0
5341,0
5342,0
5343,0
5344,0
5345,0
5346,0
5347,0
5348,0
5349,0
5350,-1
5351,0
5352,-1
5353,0
5354,0
5355,-1
5356,-1
5357,0
5358,-1
5359,0
5360,0
5361,-1
5362,-1
5363,-1
5364,0
5365,0
5366,-1
5367,-1
5368,0
5369,-1
5370,0
5371,0
5372,0
5373,0
5374,0
5375,-1
5376,0
5377,-1
5378,0
5379,0
5380,-1
5381,0
5382,-1
5383,0
5384,0
5385,0
5386,0
5387,0
5388,0
5389,0
5390,0
5391,-1
5392,-1
5393,0
5394,-1
5395,-1
5396,0
5397,-1
5398,0
5399,0
5400,0
5401,-1
5402,0
5403,0
5404,0
5405,0
5406,0
5407,0
5408,0
5409,0
5410,0
5411,0
5412,0
5413,0
5414,-1
5415,0
5416,-1
5417,0
5418,0
5419,0
5420,0
5421,0
5422,0
5423,-1
5424,0
5425,-1
5426,0
5427,0
5428,0
5429,0
5430,0
5431,-1
5432,0
5433,0
5434,0
5435,0
5436,0
5437,0
5438,0
5439,-1
5440,0
5441,-1
5442,0
5443,-1
5444,0
5445,0
5446,-1
5447,-1
5448,-1
5449,0
5450,0
5451,0
5452,0
5453,0
5454,0
5455,-1
5456,0
5457,0
5458,0
5459,0
5460,0
5461,0
5462,0
5463,-1
5464,0
5465,0
5466,0
5467,-1
5468,0
5469,0
5470,0
5471,0
5472,-1
5473,0
5474,0
5475,0
5476,-1
5477,-1
5478,0
5479,-1
5480,-1
5481,0
5482,0
5483,0
5484,-1
5485,-1
5486,0
5487,-1
5488,0
5489,0
5490,0
5491,0
5492,0
5493,0
5494,0
5495,0
5496,-1
5497,0
5498,0
5499,0
5500,0
5501,0
5502,0
5503,0
5504,-1
5505,-1
5506,-1
5507,0
5508,-1
5509,0
5510,-1
5511,-1
5512,0
5513,0
5514,-1
5515,-1
5516,-1
5517,-1
5518,0
5519,0
5520,0
5521,-1
5522,0
5523,0
5524,0
5525,0
5526,0
5527,0
5528,0
5529,0
5530,-1
5531,0
5532,0
5533,-1
5534,0
5535,0
5536,-1
5537,0
5538,0
5539,-1
5540,-1
5541,-1
5542,0
5543,-1
5544,-1
5545,0
5546,0
5547,-1
5548,0
5549,0
5550,0
5551,0
5552,0
5553,-1
5554,0
5555,-1
5556,-1
5557,-1
5558,0
5559,0
5560,-1
5561,0
5562,0
5563,0
5564,0
5565,-1
5566,0
5567,0
5568,-1
5569,0
5570,0
5571,-1
5572,0
5573,0
5574,-1
5575,-1
5576,0
5577,0
5578,0
5579,0
5580,-1
5581,0
5582,-1
5583,-1
5584,0
5585,0
5586,0
5587,-1
5588,0
5589,-1
5590,0
5591,0
5592,0
5593,-1
5594,0
5595,0
5596,-1
5597,0
5598,-1
5599,0
5600,0
5601,0
5602,0
5603,0
5604,-1
5605,0
5606,-1
5607,0
5608,-1
5609,0
5610,0
5611,0
5612,-1
5613,0
5614,-1
5615,-1
5616,-1
5617,0
5618,0
5619,0
5620,-1
5621,0
5622,0
5623,0
5624,-1
5625,0
5626,-1
5627,-1
5628,0
5629,0
5630,0
5631,0
5632,0
5633,0
5634,-1
5635,0
5636,-1
5637,0
5638,-1
5639,-1
5640,-1
5641,0
5642,0
5643,-1
5644,0
5645,0
5646,-1
5647,0
5648,-1
5649,0
5650,0
5651,0
5652,0
5653,-1
5654,0
5655,0
5656,-1
5657,0
5658,0
5659,-1
5660,-1
5661,-1
5662,0
5663,0
5664,0
5665,0
5666,-1
5667,-1
5668,-1
5669,0
5670,-1
5671,0
5672,-1
5673,-1
5674,-1
5675,0
5676,-1
5677,-1
5678,0
5679,0
5680,-1
5681,0
5682,0
5683,0
5684,0
5685,0
5686,0
5687,0
5688,0
5689,0
5690,0
5691,0
5692,0
5693,0
5694,-1
5695,0
5696,0
5697,0
5698,-1
5699,0
5700,0
5701,0
5702,0
5703,0
5704,0
5705,0
5706,0
5707,0
5708,0
5709,2
5710,-1
5711,-1
5712,-1
5713,-1
5714,0
5715,0
5716,0
5717,0
5718,0
5719,0
5720,0
5721,0
5722,0
5723,0
5724,0
5725,0
5726,0
5727,-1
5728,0
5729,0
5730,0
5731,0
5732,0
5733,0
5734,0
5735,0
5736,0
5737,-1
5738,-1
5739,-1
5740,0
5741,0
5742,-1
5743,-1
5744,-1
5745,2
5746,0
5747,-1
5748,0
5749,0
5750,0
5751,-1
5752,-1
5753,0
5754,0
5755,-1
5756,-1
5757,-1
5758,0
5759,-1
5760,0
5761,0
5762,-1
5763,-1
5764,0
5765,0
5766,0
5767,-1
5768,0
5769,-1
5770,0
5771,-1
5772,0
5773,0
5774,0
5775,0
5776,0
5777,-1
5778,-1
5779,-1
5780,0
5781,0
5782,-1
5783,0
5784,0
5785,0
5786,0
5787,-1
5788,-1
5789,0
5790,-1
5791,0
5792,-1
5793,0
5794,0
5795,0
5796,-1
5797,0
5798,0
5799,0
5800,0
5801,0
5802,-1
5803,0
5804,0
5805,0
5806,0
5807,0
5808,-1
5809,-1
5810,-1
5811,-1
5812,-1
5813,0
5814,0
5815,0
5816,-1
5817,0
5818,0
5819,0
5820,-1
5821,0
5822,0
5823,0
5824,0
5825,0
5826,-1
5827,0
5828,0
5829,0
5830,0
5831,0
5832,-1
5833,0
5834,0
5835,-1
5836,-1
5837,-1
5838,0
5839,-1
5840,0
5841,0
5842,0
5843,0
5844,0
5845,0
5846,-1
5847,-1
5848,-1
5849,0
5850,0
5851,0
5852,0
5853,0
5854,0
5855,0
5856,0
5857,0
5858,0
5859,0
5860,-1
5861,-1
5862,-1
5863,-1
5864,-1
5865,-1
5866,-1
5867,-1
5868,0
5869,-1
5870,-1
5871,0
5872,-1
5873,0
5874,0
5875,0
5876,0
5877,0
5878,0
5879,-1
5880,-1
5881,0
5882,-1
5883,-1
5884,0
5885,0
5886,0
5887,0
5888,-1
5889,0
5890,0
5891,0
5892,0
5893,0
5894,0
5895,0
5896,0
5897,-1
5898,0
5899,0
5900,0
5901,-1
5902,-1
5903,-1
5904,0
5905,0
5906,0
5907,-1
5908,0
5909,0
5910,0
5911,-1
5912,-1
5913,0
5914,-1
5915,0
5916,-1
5917,0
5918,0
5919,-1
5920,0
5921,0
5922,-1
5923,-1
5924,0
5925,-1
5926,0
5927,0
5928,-1
5929,-1
5930,-1
5931,0
5932,0
5933,0
5934,0
5935,-1
5936,0
5937,0
5938,0
5939,0
5940,-1
5941,0
5942,-1
5943,-1
5944,0
5945,0
5946,-1
5947,-1
5948,0
5949,0
5950,0
5951,-1
5952,0
5953,0
5954,-1
5955,0
5956,0
5957,0
5958,-1
5959,0
5960,-1
5961,0
5962,0
5963,-1
5964,-1
5965,-1
5966,0
5967,0
5968,0
5969,-1
5970,0
5971,-1
5972,0
5973,0
5974,-1
5975,-1
5976,-1
5977,0
5978,0
5979,0
5980,0
5981,0
5982,0
5983,0
5984,0
5985,-1
5986,0
5987,0
5988,0
5989,0
5990,0
5991,0
5992,-1
5993,0
5994,-1
5995,0
5996,0
5997,0
5998,0
5999,0
6000,-1
6001,0
6002,0
6003,0
6004,0
6005,-1
6006,0
6007,0
6008,-1
6009,-1
6010,0
6011,0
6012,-1
6013,0
6014,0
6015,-1
6016,0
6017,-1
6018,0
6019,0
6020,-1
6021,-1
6022,0
6023,0
6024,0
6025,0
6026,0
6027,0
6028,0
6029,0
6030,0
6031,0
6032,0
6033,-1
6034,0
6035,-1
6036,0
6037,0
6038,0
6039,-1
6040,0
6041,0
6042,-1
6043,0
6044,0
6045,0
6046,0
6047,-1
6048,0
6049,0
6050,0
6051,0
6052,0
6053,0
6054,0
6055,0
6056,0
6057,-1
6058,-1
6059,0
6060,-1
6061,-1
6062,0
6063,-1
6064,0
6065,0
6066,-1
6067,0
6068,-1
6069,0
6070,0
6071,0
6072,0
6073,0
6074,-1
6075,-1
6076,0
6077,0
6078,0
6079,0
6080,-1
6081,0
6082,-1
6083,0
6084,-1
6085,0
6086,0
6087,0
6088,-1
6089,0
6090,-1
6091,0
6092,-1
6093,0
6094,0
6095,0
6096,-1
6097,-1
6098,0
6099,0
6100,-1
6101,-1
6102,0
6103,0
6104,0
6105,-1
6106,-1
6107,0
6108,0
6109,0
6110,0
6111,0
6112,0
6113,0
6114,0
6115,0
6116,0
6117,0
6118,0
6119,0
6120,0
6121,0
6122,-1
6123,-1
6124,0
6125,0
6126,0
6127,-1
6128,0
6129,-1
6130,1
6131,0
6132,0
6133,-1
6134,0
6135,-1
6136,0
6137,0
6138,-1
6139,0
6140,0
6141,-1
6142,0
6143,-1
6144,-1
6145,0
6146,0
6147,0
6148,0
6149,0
6150,0
6151,0
6152,0
6153,-1
6154,0
6155,-1
6156,-1
6157,0
6158,0
6159,0
6160,0
6161,0
6162,0
6163,0
6164,-1
6165,-1
6166,0
6167,0
6168,0
6169,0
6170,0
6171,-1
6172,-1
6173,0
6174,0
6175,0
6176,-1
6177,0
6178,0
6179,0
6180,-1
6181,0
6182,0
6183,0
6184,0
6185,-1
6186,-1
6187,0
6188,0
6189,-1
6190,0
6191,0
6192,0
6193,0
6194,0
6195,0
6196,0
6197,-1
6198,0
6199,-1
6200,0
6201,0
6202,-1
6203,0
6204,0
6205,0
6206,0
6207,0
6208,0
6209,-1
6210,-1
6211,0
6212,0
6213,-1
6214,0
6215,-1
6216,-1
6217,-1
6218,0
6219,-1
6220,0
6221,-1
6222,0
6223,-1
6224,0
6225,0
6226,0
6227,-1
6228,0
6229,0
6230,-1
6231,0
6232,0
6233,-1
6234,0
6235,0
6236,0
6237,-1
6238,0
6239,0
6240,0
6241,0
6242,0
6243,-1
6244,0
6245,0
6246,-1
6247,-1
6248,0
6249,-1
6250,0
6251,-1
6252,0
6253,-1
6254,0
6255,-1
6256,-1
6257,-1
6258,-1
6259,0
6260,-1
6261,-1
6262,0
6263,0
6264,0
6265,0
6266,-1
6267,0
6268,0
6269,0
6270,0
6271,0
6272,-1
6273,0
6274,-1
6275,0
6276,-1
6277,-1
6278,0
6279,-1
6280,0
6281,-1
6282,-1
6283,0
6284,0
6285,0
6286,0
6287,0
6288,-1
6289,0
6290,-1
6291,0
6292,0
6293,0
6294,0
6295,-1
6296,0
6297,0
6298,-1
6299,0
6300,-1
6301,0
6302,-1
6303,-1
6304,-1
6305,0
6306,0
6307,-1
6308,-1
6309,0
6310,0
6311,0
6312,-1
6313,0
6314,0
6315,0
6316,-1
6317,-1
6318,-1
6319,0
6320,0
6321,0
6322,0
6323,-1
6324,0
6325,0
6326,0
6327,0
6328,-1
6329,0
6330,0
6331,0
6332,0
6333,0
6334,0
6335,-1
6336,-1
6337,0
6338,-1
6339,0
6340,0
6341,0
6342,-1
6343,-1
6344,0
6345,-1
6346,-1
6347,-1
6348,0
6349,0
6350,0
6351,0
6352,0
6353,0
6354,-1
6355,-1
6356,0
6357,0
6358,0
6359,0
6360,0
6361,0
6362,0
6363,-1
6364,0
6365,0
6366,-1
6367,-1
6368,-1
6369,-1
6370,0
6371,-1
6372,0
6373,0
6374,0
6375,0
6376,0
6377,0
6378,-1
6379,0
6380,0
6381,-1
6382,0
6383,0
6384,-1
6385,0
6386,0
6387,0
6388,0
6389,-1
6390,0
6391,0
6392,0
6393,0
6394,0
6395,0
6396,0
6397,-1
6398,0
6399,-1
6400,0
6401,0
6402,0
6403,0
6404,0
6405,0
6406,0
6407,0
6408,-1
6409,-1
6410,-1
6411,0
6412,0
6413,0
6414,0
6415,0
6416,0
6417,0
6418,0
6419,-1
6420,0
6421,-1
6422,0
6423,0
6424,-1
6425,0
6426,0
6427,-1
6428,0
6429,0
6430,-1
6431,0
6432,0
6433,0
6434,0
6435,-1
6436,-1
6437,-1
6438,-1
6439,0
6440,0
6441,-1
6442,0
6443,-1
6444,0
6445,0
6446,-1
6447,-1
6448,0
6449,0
6450,-1
6451,0
6452,0
6453,0
6454,0
6455,0
6456,-1
6457,0
6458,-1
6459,-1
6460,0
6461,0
6462,0
6463,0
6464,0
6465,-1
6466,0
6467,0
6468,-1
6469,0
6470,0
6471,-1
6472,-1
6473,0
6474,0
6475,0
6476,-1
6477,0
6478,0
6479,0
6480,-1
6481,0
6482,0
6483,-1
6484,-1
6485,0
6486,0
6487,0
6488,0
6489,0
6490,0
6491,0
6492,-1
6493,0
6494,-1
6495,0
6496,0
6497,-1
6498,0
6499,0
6500,0
6501,0
6502,0
6503,0
6504,0
6505,0
6506,0
6507,0
6508,0
6509,-1
6510,-1
6511,-1
6512,0
6513,-1
6514,0
6515,0
6516,-1
6517,0
6518,-1
6519,-1
6520,-1
6521,0
6522,0
6523,0
6524,0
6525,0
6526,0
6527,0
6528,0
6529,-1
6530,-1
6531,0
6532,-1
6533,0
6534,-1
6535,0
6536,0
6537,-1
6538,-1
6539,-1
6540,0
6541,0
6542,0
6543,0
6544,0
6545,0
6546,-1
6547,0
6548,0
6549,-1
6550,0
6551,0
6552,-1
6553,-1
6554,-1
6555,0
6556,0
6557,-1
6558,-1
6559,-1
6560,0
6561,-1
6562,0
6563,0
6564,-1
6565,-1
6566,0
6567,0
6568,0
6569,0
6570,0
6571,-1
6572,-1
6573,0
6574,0
6575,0
6576,-1
6577,0
6578,-1
6579,0
6580,0
6581,-1
6582,-1
6583,0
6584,0
6585,0
6586,-1
6587,-1
6588,-1
6589,-1
6590,0
6591,-1
6592,0
6593,-1
6594,-1
6595,-1
6596,1
6597,0
6598,-1
6599,-1
6600,-1
6601,-1
6602,0
6603,0
6604,0
6605,0
6606,-1
6607,0
6608,0
6609,0
6610,0
6611,-1
6612,0
6613,0
6614,-1
6615,-1
6616,-1
6617,0
6618,0
6619,0
6620,-1
6621,-1
6622,0
6623,0
6624,-1
6625,0
6626,0
6627,-1
6628,0
6629,0
6630,0
6631,-1
6632,0
6633,0
6634,-1
6635,-1
6636,0
6637,0
6638,0
6639,0
6640,0
6641,0
6642,-1
6643,-1
6644,-1
6645,0
6646,0
6647,0
6648,0
6649,-1
6650,0
6651,0
6652,0
6653,0
6654,0
6655,-1
6656,0
6657,0
6658,0
6659,0
6660,1
6661,0
6662,-1
6663,0
6664,0
6665,0
6666,0
6667,0
6668,-1
6669,0
6670,0
6671,0
6672,-1
6673,-1
6674,-1
6675,0
6676,-1
6677,-1
6678,-1
6679,-1
6680,0
6681,0
6682,0
6683,0
6684,0
6685,0
6686,-1
6687,0
6688,0
6689,0
6690,0
6691,0
6692,0
6693,0
6694,0
6695,0
6696,0
6697,-1
6698,-1
6699,0
6700,0
6701,-1
6702,-1
6703,0
6704,0
6705,0
6706,0
6707,-1
6708,0
6709,-1
6710,0
6711,0
6712,0
6713,-1
6714,-1
6715,0
6716,0
6717,-1
6718,0
6719,-1
6720,-1
6721,-1
6722,0
6723,-1
6724,-1
6725,-1
6726,0
6727,0
6728,-1
6729,0
6730,-1
6731,0
6732,-1
6733,0
6734,0
6735,0
6736,0
6737,0
6738,0
6739,0
6740,0
6741,0
6742,0
6743,-1
6744,0
6745,0
6746,0
6747,-1
6748,0
6749,-1
6750,0
6751,0
6752,0
6753,0
6754,-1
6755,0
6756,0
6757,0
6758,0
6759,0
6760,-1
6761,0
6762,-1
6763,-1
6764,0
6765,0
6766,-1
6767,0
6768,-1
6769,0
6770,0
6771,0
6772,-1
6773,-1
6774,-1
6775,-1
6776,-1
6777,0
6778,-1
6779,0
6780,-1
6781,0
6782,0
6783,-1
6784,0
6785,0
6786,0
6787,-1
6788,0
6789,0
6790,-1
6791,-1
6792,0
6793,-1
6794,0
6795,0
6796,0
6797,-1
6798,0
6799,0
6800,-1
6801,-1
6802,-1
6803,0
6804,0
6805,0
6806,0
6807,-1
6808,0
6809,0
6810,0
6811,-1
6812,0
6813,-1
6814,0
6815,0
6816,0
6817,0
6818,0
6819,0
6820,0
6821,-1
6822,0
6823,0
6824,0
6825,-1
6826,0
6827,-1
6828,0
6829,0
6830,0
6831,0
6832,0
6833,-1
6834,0
6835,0
6836,-1
6837,0
6838,-1
6839,-1
6840,0
6841,0
6842,0
6843,0
6844,-1
6845,-1
6846,0
6847,-1
6848,0
6849,-1
6850,-1
6851,0
6852,0
6853,0
6854,-1
6855,0
6856,0
6857,0
6858,-1
6859,0
6860,0
6861,-1
6862,0
6863,-1
6864,0
6865,0
6866,-1
6867,0
6868,0
6869,0
6870,0
6871,0
6872,-1
6873,0
6874,-1
6875,0
6876,0
6877,-1
6878,0
6879,-1
6880,0
6881,0
6882,-1
6883,0
6884,0
6885,-1
6886,0
6887,-1
6888,-1
6889,0
6890,-1
6891,0
6892,0
6893,0
6894,-1
6895,-1
6896,0
6897,0
6898,-1
6899,-1
6900,0
6901,-1
6902,0
6903,-1
6904,-1
6905,0
6906,0
6907,0
6908,0
6909,-1
6910,0
6911,1
6912,0
6913,0
6914,-1
6915,0
6916,0
6917,0
6918,0
6919,0
6920,-1
6921,0
6922,0
6923,0
6924,-1
6925,0
6926,0
6927,0
6928,-1
6929,-1
6930,0
6931,0
6932,0
6933,0
6934,0
6935,-1
6936,-1
6937,0
6938,0
6939,0
6940,0
6941,0
6942,-1
6943,-1
6944,-1
6945,0
6946,-1
6947,-1
6948,0
6949,0
6950,-1
6951,0
6952,0
6953,-1
6954,0
6955,-1
6956,0
6957,0
6958,-1
6959,0
6960,0
6961,0
6962,0
6963,-1
6964,-1
6965,-1
6966,0
6967,0
6968,0
6969,-1
6970,0
6971,-1
6972,0
6973,0
6974,0
6975,-1
6976,-1
6977,0
6978,0
6979,-1
6980,-1
6981,0
6982,0
6983,0
6984,0
6985,0
6986,0
6987,0
6988,-1
6989,0
6990,0
6991,0
6992,-1
6993,-1
6994,-1
6995,0
6996,0
6997,0
6998,0
6999,0
7000,0
7001,0
7002,0
7003,0
7004,0
7005,0
7006,-1
7007,0
7008,0
7009,-1
7010,-1
7011,-1
7012,0
7013,0
7014,0
7015,0
7016,0
7017,-1
7018,-1
7019,0
7020,-1
7021,-1
7022,-1
7023,-1
7024,0
7025,0
7026,-1
7027,0
7028,0
7029,0
7030,-1
7031,0
7032,0
7033,0
7034,-1
7035,0
7036,0
7037,0
7038,0
7039,0
7040,-1
7041,0
7042,0
7043,0
7044,-1
7045,0
7046,0
7047,-1
7048,0
7049,-1
7050,-1
7051,0
7052,0
7053,-1
7054,0
7055,-1
7056,0
7057,0
7058,0
7059,-1
7060,-1
7061,0
7062,0
7063,-1
7064,0
7065,0
7066,0
7067,0
7068,0
7069,0
7070,0
7071,0
7072,-1
7073,0
7074,0
7075,0
7076,0
7077,0
7078,-1
7079,0
7080,0
7081,0
7082,0
7083,0
7084,0
7085,-1
7086,-1
7087,0
7088,-1
7089,0
7090,-1
7091,-1
7092,-1
7093,0
7094,0
7095,0
7096,0
7097,-1
7098,0
7099,-1
7100,0
7101,-1
7102,0
7103,0
7104,-1
7105,0
7106,0
7107,0
7108,0
7109,0
7110,-1
7111,0
7112,0
7113,0
7114,0
7115,-1
7116,0
7117,0
7118,-1
7119,0
7120,0
7121,-1
7122,0
7123,-1
7124,0
7125,-1
7126,-1
7127,0
7128,-1
7129,-1
7130,0
7131,0
7132,0
7133,0
7134,-1
7135,0
7136,-1
7137,0
7138,0
7139,0
7140,-1
7141,-1
7142,0
7143,0
7144,0
7145,-1
7146,-1
7147,0
7148,-1
7149,0
7150,0
7151,-1
7152,0
7153,-1
7154,-1
7155,0
7156,-1
7157,-1
7158,0
7159,0
7160,0
7161,0
7162,0
7163,0
7164,0
7165,0
7166,-1
7167,-1
7168,0
7169,-1
7170,0
7171,0
7172,-1
7173,0
7174,0
7175,0
7176,0
7177,-1
7178,0
7179,-1
7180,0
7181,0
7182,-1
7183,-1
7184,-1
7185,0
7186,0
7187,-1
7188,0
7189,-1
7190,0
7191,-1
7192,-1
7193,-1
7194,-1
7195,0
7196,-1
7197,0
7198,-1
7199,0
7200,1
7201,1
7202,1
7203,1
7204,1
7205,1
7206,1
7207,1
7208,1
7209,-1
7210,1
7211,1
7212,1
7213,1
7214,1
7215,1
7216,1
7217,1
7218,-1
7219,1
7220,1
7221,1
7222,1
7223,1
7224,1
7225,1
7226,1
7227,-1
7228,1
7229,1
7230,1
7231,1
7232,1
7233,1
7234,1
7235,1
7236,1
7237,1
7238,1
7239,1
7240,1
7241,1
7242,1
7243,1
7244,1
7245,1
7246,1
7247,1
7248,1
7249,1
7250,1
7251,1
7252,1
7253,1
7254,1
7255,1
7256,1
7257,1
7258,-1
7259,1
7260,1
7261,1
7262,1
7263,1
7264,1
7265,1
7266,1
7267,1
7268,1
7269,1
7270,1
7271,1
7272,1
7273,1
7274,1
7275,1
7276,1
7277,1
7278,1
7279,1
7280,1
7281,1
7282,1
7283,1
7284,-1
7285,1
7286,1
7287,1
7288,1
7289,1
7290,1
7291,-1
7292,1
7293,1
7294,-1
7295,1
7296,1
7297,1
7298,1
7299,1
7300,1
7301,1
7302,1
7303,1
7304,1
7305,1
7306,1
7307,1
7308,1
7309,1
7310,1
7311,1
7312,-1
7313,-1
7314,1
7315,1
7316,1
7317,1
7318,1
7319,1
7320,1
7321,1
7322,1
7323,1
7324,1
7325,1
7326,1
7327,1
7328,1
7329,1
7330,1
7331,1
7332,1
7333,1
7334,1
7335,1
7336,1
7337,1
7338,1
7339,1
7340,1
7341,1
7342,-1
7343,1
7344,1
7345,1
7346,1
7347,1
7348,1
7349,1
7350,1
7351,-1
7352,1
7353,-1
7354,1
7355,-1
7356,1
7357,1
7358,1
7359,-1
7360,1
7361,-1
7362,1
7363,1
7364,1
7365,1
7366,1
7367,1
7368,1
7369,1
7370,1
7371,-1
7372,1
7373,1
7374,1
7375,1
7376,1
7377,1
7378,1
7379,1
7380,1
7381,1
7382,1
7383,1
7384,-1
7385,1
7386,1
7387,1
7388,1
7389,-1
7390,1
7391,1
7392,1
7393,1
7394,1
7395,1
7396,1
7397,1
7398,1
7399,1
7400,1
7401,1
7402,-1
7403,1
7404,1
7405,1
7406,1
7407,1
7408,1
7409,1
7410,1
7411,1
7412,1
7413,1
7414,-1
7415,1
7416,1
7417,1
7418,1
7419,1
7420,1
7421,1
7422,1
7423,1
7424,-1
7425,1
7426,1
7427,1
7428,1
7429,1
7430,1
7431,1
7432,1
7433,1
7434,1
7435,1
7436,1
7437,1
7438,1
7439,1
7440,1
7441,-1
7442,1
7443,1
7444,1
7445,1
7446,1
7447,1
7448,1
7449,1
7450,1
7451,1
7452,1
7453,1
7454,1
7455,1
7456,1
7457,1
7458,1
7459,1
7460,1
7461,1
7462,1
7463,1
7464,1
7465,1
7466,1
7467,1
7468,1
7469,1
7470,1
7471,1
7472,1
7473,1
7474,1
7475,1
7476,1
7477,1
7478,1
7479,1
7480,1
7481,1
7482,1
7483,-1
7484,1
7485,1
7486,1
7487,-1
7488,1
7489,1
7490,1
7491,1
7492,1
7493,-1
7494,1
7495,1
7496,1
7497,1
7498,1
7499,1
7500,-1
7501,1
7502,-1
7503,1
7504,1
7505,1
7506,-1
7507,1
7508,1
7509,1
7510,1
7511,1
7512,1
7513,1
7514,1
7515,1
7516,1
7517,1
7518,1
7519,1
7520,1
7521,1
7522,1
7523,1
7524,1
7525,1
7526,1
7527,1
7528,1
7529,1
7530,-1
7531,1
7532,1
7533,1
7534,1
7535,1
7536,1
7537,1
7538,1
7539,-1
7540,1
7541,1
7542,1
7543,1
7544,1
7545,1
7546,1
7547,1
7548,1
7549,1
7550,-1
7551,1
7552,1
7553,1
7554,1
7555,1
7556,1
7557,1
7558,1
7559,1
7560,-1
7561,1
7562,1
7563,1
7564,1
7565,1
7566,1
7567,-1
7568,1
7569,1
7570,1
7571,1
7572,-1
7573,1
7574,-1
7575,-1
7576,1
7577,-1
7578,1
7579,1
7580,1
7581,1
7582,1
7583,1
7584,1
7585,1
7586,1
7587,1
7588,1
7589,1
7590,1
7591,1
7592,1
7593,1
7594,1
7595,1
7596,1
7597,-1
7598,1
7599,1
7600,1
7601,1
7602,1
7603,1
7604,1
7605,1
7606,1
7607,1
7608,1
7609,1
7610,1
7611,1
7612,1
7613,1
7614,1
7615,1
7616,1
7617,1
7618,1
7619,1
7620,1
7621,1
7622,1
7623,1
7624,1
7625,1
7626,1
7627,1
7628,1
7629,-1
7630,-1
7631,1
7632,1
7633,1
7634,1
7635,1
7636,1
7637,1
7638,1
7639,1
7640,1
7641,1
7642,1
7643,1
7644,1
7645,1
7646,1
7647,1
7648,1
7649,1
7650,1
7651,1
7652,1
7653,1
7654,1
7655,1
7656,1
7657,-1
7658,1
7659,1
7660,1
7661,1
7662,-1
7663,1
7664,1
7665,-1
7666,1
7667,1
7668,1
7669,1
7670,1
7671,1
7672,1
7673,1
7674,1
7675,1
7676,1
7677,1
7678,-1
7679,1
7680,1
7681,1
7682,1
7683,1
7684,-1
7685,-1
7686,1
7687,1
7688,1
7689,1
7690,1
7691,1
7692,1
7693,1
7694,1
7695,1
7696,1
7697,1
7698,1
7699,1
7700,1
7701,1
7702,1
7703,1
7704,1
7705,1
7706,1
7707,1
7708,1
7709,1
7710,1
7711,1
7712,1
7713,1
7714,1
7715,1
7716,1
7717,1
7718,1
7719,1
7720,1
7721,1
7722,1
7723,1
7724,1
7725,1
7726,1
7727,1
7728,1
7729,1
7730,1
7731,1
7732,1
7733,1
7734,1
7735,1
7736,1
7737,1
7738,1
7739,1
7740,1
7741,1
7742,1
7743,1
7744,1
7745,1
7746,-1
7747,1
7748,1
7749,1
7750,1
7751,-1
7752,1
7753,1
7754,1
7755,1
7756,1
7757,1
7758,1
7759,1
7760,1
7761,1
7762,1
7763,1
7764,1
7765,1
7766,1
7767,1
7768,1
7769,1
7770,1
7771,1
7772,1
7773,1
7774,1
7775,1
7776,1
7777,1
7778,1
7779,1
7780,1
7781,1
7782,1
7783,1
7784,1
7785,1
7786,1
7787,1
7788,1
7789,1
7790,1
7791,1
7792,-1
7793,1
7794,-1
7795,1
7796,1
7797,-1
7798,1
7799,1
7800,1
7801,1
7802,1
7803,1
7804,1
7805,1
7806,1
7807,1
7808,1
7809,1
7810,1
7811,1
7812,1
7813,1
7814,1
7815,1
7816,1
7817,1
7818,1
7819,1
7820,1
7821,1
7822,1
7823,1
7824,1
7825,-1
7826,1
7827,1
7828,-1
7829,1
7830,1
7831,-1
7832,1
7833,1
7834,1
7835,1
7836,1
7837,1
7838,-1
7839,1
7840,1
7841,-1
7842,1
7843,1
7844,1
7845,1
7846,1
7847,-1
7848,1
7849,1
7850,1
7851,1
7852,1
7853,1
7854,-1
7855,1
7856,1
7857,1
7858,1
7859,1
7860,1
7861,1
7862,1
7863,1
7864,1
7865,1
7866,1
7867,-1
7868,1
7869,1
7870,-1
7871,1
7872,-1
7873,1
7874,1
7875,1
7876,1
7877,1
7878,1
7879,-1
7880,1
7881,1
7882,1
7883,1
7884,1
7885,1
7886,1
7887,1
7888,1
7889,1
7890,1
7891,1
7892,1
7893,1
7894,1
7895,1
7896,1
7897,-1
7898,1
7899,1
7900,1
7901,1
7902,1
7903,1
7904,1
7905,1
7906,1
7907,1
7908,1
7909,1
7910,1
7911,1
7912,-1
7913,1
7914,1
7915,1
7916,1
7917,-1
7918,-1
7919,1
7920,-1
7921,1
7922,1
7923,1
7924,1
7925,1
7926,1
7927,1
7928,1
7929,1
7930,-1
7931,1
7932,1
7933,1
7934,1
7935,1
7936,1
7937,1
7938,1
7939,1
7940,1
7941,1
7942,-1
7943,1
7944,1
7945,1
7946,1
7947,1
7948,1
7949,1
7950,1
7951,1
7952,1
7953,1
7954,1
7955,1
7956,1
7957,1
7958,1
7959,1
7960,1
7961,1
7962,1
7963,1
7964,1
7965,1
7966,1
7967,-1
7968,1
7969,1
7970,1
7971,1
7972,1
7973,1
7974,1
7975,1
7976,1
7977,1
7978,1
7979,1
7980,1
7981,1
7982,1
7983,1
7984,1
7985,1
7986,1
7987,1
7988,1
7989,-1
7990,1
7991,1
7992,1
7993,1
7994,1
7995,1
7996,1
7997,1
7998,1
7999,1
8000,1
8001,1
8002,-1
8003,1
8004,1
8005,1
8006,-1
8007,1
8008,1
8009,-1
8010,1
8011,1
8012,1
8013,1
8014,1
8015,1
8016,1
8017,1
8018,1
8019,-1
8020,1
8021,1
8022,1
8023,1
8024,1
8025,1
8026,1
8027,1
8028,1
8029,1
8030,1
8031,1
8032,1
8033,-1
8034,1
8035,-1
8036,1
8037,1
8038,1
8039,1
8040,1
8041,1
8042,1
8043,1
8044,1
8045,1
8046,1
8047,1
8048,1
8049,1
8050,-1
8051,-1
8052,1
8053,1
8054,-1
8055,1
8056,1
8057,1
8058,1
8059,1
8060,-1
8061,-1
8062,1
8063,1
8064,1
8065,1
8066,1
8067,1
8068,1
8069,1
8070,-1
8071,-1
8072,1
8073,1
8074,1
8075,1
8076,1
8077,1
8078,1
8079,1
8080,-1
8081,1
8082,-1
8083,1
8084,1
8085,1
8086,1
8087,1
8088,1
8089,1
8090,1
8091,1
8092,1
8093,1
8094,1
8095,1
8096,1
8097,1
8098,1
8099,1
8100,-1
8101,1
8102,1
8103,1
8104,1
8105,1
8106,1
8107,1
8108,1
8109,1
8110,1
8111,1
8112,1
8113,1
8114,-1
8115,1
8116,1
8117,1
8118,1
8119,1
8120,1
8121,1
8122,1
8123,1
8124,1
8125,1
8126,-1
8127,1
8128,1
8129,1
8130,1
8131,1
8132,1
8133,1
8134,1
8135,1
8136,1
8137,1
8138,1
8139,1
8140,1
8141,1
8142,1
8143,1
8144,1
8145,1
8146,1
8147,1
8148,1
8149,1
8150,1
8151,1
8152,-1
8153,1
8154,1
8155,-1
8156,1
8157,1
8158,1
8159,1
8160,-1
8161,1
8162,1
8163,1
8164,1
8165,1
8166,1
8167,-1
8168,1
8169,1
8170,1
8171,1
8172,1
8173,1
8174,1
8175,1
8176,1
8177,1
8178,1
8179,1
8180,1
8181,1
8182,1
8183,1
8184,1
8185,1
8186,1
8187,1
8188,1
8189,1
8190,1
8191,-1
8192,1
8193,1
8194,1
8195,1
8196,1
8197,1
8198,1
8199,1
8200,1
8201,1
8202,1
8203,1
8204,1
8205,1
8206,1
8207,1
8208,1
8209,1
8210,1
8211,1
8212,1
8213,1
8214,1
8215,1
8216,1
8217,1
8218,1
8219,1
8220,1
8221,1
8222,1
8223,1
8224,1
8225,1
8226,1
8227,1
8228,1
8229,1
8230,1
8231,1
8232,1
8233,1
8234,-1
8235,1
8236,1
8237,1
8238,1
8239,1
8240,-1
8241,1
8242,1
8243,1
8244,1
8245,1
8246,1
8247,1
8248,-1
8249,1
8250,1
8251,1
8252,1
8253,1
8254,1
8255,1
8256,-1
8257,1
8258,1
8259,1
8260,1
8261,1
8262,1
8263,1
8264,1
8265,1
8266,1
8267,-1
8268,1
8269,1
8270,1
8271,1
8272,1
8273,1
8274,1
8275,1
8276,1
8277,1
8278,1
8279,1
8280,1
8281,1
8282,1
8283,1
8284,1
8285,1
8286,1
8287,1
8288,1
8289,1
8290,1
8291,1
8292,1
8293,1
8294,-1
8295,1
8296,1
8297,1
8298,1
8299,-1
8300,1
8301,1
8302,1
8303,1
8304,1
8305,1
8306,1
8307,1
8308,1
8309,1
8310,1
8311,1
8312,1
8313,1
8314,1
8315,1
8316,1
8317,1
8318,1
8319,1
8320,1
8321,1
8322,1
8323,1
8324,1
8325,1
8326,1
8327,1
8328,1
8329,-1
8330,1
8331,-1
8332,1
8333,1
8334,1
8335,1
8336,1
8337,1
8338,1
8339,1
8340,1
8341,1
8342,1
8343,1
8344,1
8345,1
8346,1
8347,1
8348,1
8349,1
8350,1
8351,1
8352,1
8353,1
8354,1
8355,1
8356,1
8357,1
8358,1
8359,1
8360,1
8361,1
8362,-1
8363,1
8364,1
8365,1
8366,1
8367,1
8368,1
8369,1
8370,1
8371,1
8372,-1
8373,1
8374,1
8375,1
8376,1
8377,1
8378,1
8379,1
8380,1
8381,1
8382,1
8383,1
8384,1
8385,1
8386,1
8387,1
8388,1
8389,1
8390,1
8391,1
8392,1
8393,1
8394,1
8395,1
8396,1
8397,-1
8398,1
8399,1
8400,1
8401,1
8402,1
8403,1
8404,1
8405,1
8406,1
8407,1
8408,1
8409,1
8410,1
8411,1
8412,1
8413,1
8414,1
8415,1
8416,1
8417,1
8418,-1
8419,1
8420,1
8421,1
8422,1
8423,1
8424,-1
8425,1
8426,1
8427,1
8428,1
8429,1
8430,1
8431,1
8432,1
8433,-1
8434,1
8435,1
8436,1
8437,1
8438,1
8439,1
8440,1
8441,1
8442,1
8443,1
8444,1
8445,1
8446,1
8447,1
8448,1
8449,-1
8450,1
8451,1
8452,1
8453,1
8454,1
8455,1
8456,1
8457,1
8458,1
8459,1
8460,-1
8461,1
8462,1
8463,1
8464,1
8465,1
8466,1
8467,1
8468,1
8469,1
8470,1
8471,1
8472,-1
8473,1
8474,1
8475,1
8476,1
8477,1
8478,1
8479,1
8480,1
8481,1
8482,1
8483,1
8484,1
8485,1
8486,1
8487,1
8488,1
8489,1
8490,1
8491,1
8492,1
8493,1
8494,-1
8495,1
8496,1
8497,1
8498,1
8499,1
8500,1
8501,1
8502,1
8503,1
8504,1
8505,1
8506,1
8507,1
8508,1
8509,1
8510,1
8511,1
8512,1
8513,1
8514,1
8515,1
8516,1
8517,1
8518,1
8519,1
8520,1
8521,1
8522,1
8523,1
8524,1
8525,1
8526,1
8527,-1
8528,1
8529,1
8530,1
8531,1
8532,1
8533,-1
8534,1
8535,-1
8536,1
8537,1
8538,-1
8539,1
8540,1
8541,1
8542,1
8543,1
8544,1
8545,1
8546,1
8547,-1
8548,1
8549,1
8550,1
8551,1
8552,1
8553,1
8554,1
8555,1
8556,1
8557,1
8558,1
8559,1
8560,1
8561,1
8562,1
8563,1
8564,1
8565,1
8566,1
8567,1
8568,1
8569,-1
8570,1
8571,1
8572,1
8573,1
8574,1
8575,1
8576,-1
8577,1
8578,1
8579,1
8580,1
8581,1
8582,1
8583,1
8584,-1
8585,1
8586,1
8587,1
8588,1
8589,1
8590,-1
8591,-1
8592,1
8593,1
8594,1
8595,1
8596,-1
8597,1
8598,1
8599,1
8600,1
8601,1
8602,1
8603,1
8604,-1
8605,-1
8606,-1
8607,1
8608,1
8609,1
8610,1
8611,1
8612,1
8613,1
8614,1
8615,1
8616,1
8617,1
8618,1
8619,1
8620,1
8621,1
8622,1
8623,1
8624,1
8625,1
8626,1
8627,1
8628,1
8629,1
8630,1
8631,1
8632,-1
8633,1
8634,1
8635,1
8636,1
8637,-1
8638,1
8639,1
8640,1
8641,1
8642,1
8643,1
8644,1
8645,1
8646,1
8647,1
8648,1
8649,1
8650,1
8651,1
8652,-1
8653,1
8654,1
8655,1
8656,1
8657,1
8658,1
8659,1
8660,1
8661,1
8662,1
8663,-1
8664,1
8665,1
8666,1
8667,1
8668,1
8669,-1
8670,1
8671,1
8672,1
8673,1
8674,-1
8675,1
8676,1
8677,1
8678,1
8679,1
8680,1
8681,1
8682,1
8683,1
8684,1
8685,-1
8686,1
8687,1
8688,1
8689,1
8690,1
8691,1
8692,1
8693,1
8694,1
8695,1
8696,1
8697,-1
8698,1
8699,1
8700,1
8701,1
8702,1
8703,1
8704,1
8705,1
8706,-1
8707,1
8708,1
8709,1
8710,1
8711,1
8712,1
8713,1
8714,1
8715,1
8716,-1
8717,-1
8718,1
8719,1
8720,1
8721,1
8722,1
8723,1
8724,1
8725,1
8726,1
8727,1
8728,1
8729,-1
8730,1
8731,-1
8732,1
8733,1
8734,1
8735,-1
8736,1
8737,-1
8738,1
8739,-1
8740,-1
8741,1
8742,1
8743,1
8744,1
8745,-1
8746,1
8747,1
8748,1
8749,1
8750,1
8751,1
8752,1
8753,1
8754,1
8755,1
8756,1
8757,1
8758,1
8759,1
8760,1
8761,1
8762,-1
8763,1
8764,1
8765,1
8766,1
8767,1
8768,1
8769,1
8770,1
8771,1
8772,1
8773,1
8774,1
8775,1
8776,1
8777,1
8778,1
8779,1
8780,1
8781,1
8782,1
8783,1
8784,1
8785,1
8786,1
8787,1
8788,1
8789,1
8790,1
8791,1
8792,1
8793,1
8794,1
8795,1
8796,1
8797,1
8798,1
8799,1
8800,1
8801,-1
8802,1
8803,1
8804,1
8805,1
8806,1
8807,1
8808,1
8809,1
8810,1
8811,1
8812,1
8813,1
8814,1
8815,1
8816,1
8817,1
8818,1
8819,1
8820,1
8821,1
8822,1
8823,1
8824,1
8825,1
8826,1
8827,1
8828,-1
8829,1
8830,1
8831,1
8832,1
8833,1
8834,1
8835,1
8836,1
8837,1
8838,-1
8839,-1
8840,-1
8841,1
8842,1
8843,1
8844,1
8845,1
8846,1
8847,1
8848,1
8849,-1
8850,1
8851,1
8852,1
8853,1
8854,1
8855,1
8856,1
8857,1
8858,-1
8859,1
8860,1
8861,1
8862,1
8863,1
8864,1
8865,1
8866,1
8867,1
8868,1
8869,1
8870,1
8871,1
8872,1
8873,1
8874,1
8875,1
8876,1
8877,-1
8878,1
8879,1
8880,1
8881,1
8882,1
8883,1
8884,1
8885,1
8886,1
8887,-1
8888,1
8889,1
8890,1
8891,1
8892,1
8893,1
8894,1
8895,1
8896,1
8897,1
8898,1
8899,1
8900,1
8901,-1
8902,-1
8903,1
8904,1
8905,1
8906,1
8907,1
8908,1
8909,1
8910,1
8911,1
8912,1
8913,1
8914,1
8915,1
8916,1
8917,1
8918,1
8919,1
8920,1
8921,1
8922,1
8923,1
8924,1
8925,1
8926,1
8927,1
8928,1
8929,1
8930,1
8931,1
8932,1
8933,1
8934,1
8935,1
8936,1
8937,1
8938,1
8939,1
8940,1
8941,1
8942,1
8943,-1
8944,1
8945,1
8946,1
8947,1
8948,1
8949,1
8950,1
8951,1
8952,1
8953,1
8954,1
8955,1
8956,1
8957,1
8958,1
8959,1
8960,1
8961,1
8962,1
8963,1
8964,1
8965,1
8966,1
8967,1
8968,1
8969,1
8970,1
8971,1
8972,1
8973,1
8974,1
8975,1
8976,1
8977,1
8978,1
8979,1
8980,1
8981,1
8982,1
8983,1
8984,1
8985,1
8986,1
8987,1
8988,1
8989,-1
8990,1
8991,1
8992,1
8993,1
8994,1
8995,1
8996,1
8997,1
8998,1
8999,1
9000,1
9001,1
9002,1
9003,1
9004,1
9005,1
9006,1
9007,1
9008,1
9009,1
9010,1
9011,1
9012,1
9013,1
9014,1
9015,1
9016,1
9017,1
9018,1
9019,1
9020,1
9021,1
9022,-1
9023,1
9024,1
9025,1
9026,1
9027,1
9028,1
9029,1
9030,1
9031,1
9032,1
9033,1
9034,1
9035,1
9036,-1
9037,1
9038,1
9039,1
9040,-1
9041,1
9042,1
9043,1
9044,1
9045,1
9046,1
9047,1
9048,1
9049,1
9050,-1
9051,1
9052,1
9053,1
9054,1
9055,1
9056,-1
9057,-1
9058,-1
9059,1
9060,1
9061,1
9062,1
9063,1
9064,1
9065,1
9066,-1
9067,1
9068,1
9069,1
9070,1
9071,1
9072,1
9073,1
9074,1
9075,1
9076,1
9077,1
9078,1
9079,1
9080,1
9081,1
9082,-1
9083,1
9084,1
9085,1
9086,1
9087,1
9088,1
9089,1
9090,1
9091,1
9092,1
9093,1
9094,1
9095,1
9096,1
9097,1
9098,1
9099,1
9100,-1
9101,1
9102,1
9103,1
9104,1
9105,1
9106,1
9107,1
9108,1
9109,1
9110,1
9111,1
9112,1
9113,1
9114,1
9115,1
9116,1
9117,1
9118,1
9119,1
9120,1
9121,1
9122,1
9123,1
9124,1
9125,1
9126,-1
9127,1
9128,1
9129,1
9130,1
9131,-1
9132,1
9133,1
9134,1
9135,1
9136,1
9137,1
9138,-1
9139,-1
9140,1
9141,1
9142,1
9143,1
9144,1
9145,1
9146,1
9147,1
9148,1
9149,1
9150,1
9151,1
9152,1
9153,1
9154,1
9155,1
9156,1
9157,1
9158,1
9159,1
9160,1
9161,1
9162,1
9163,1
9164,1
9165,1
9166,1
9167,1
9168,1
9169,1
9170,1
9171,1
9172,1
9173,-1
9174,1
9175,1
9176,1
9177,1
9178,1
9179,1
9180,1
9181,1
9182,1
9183,1
9184,1
9185,1
9186,1
9187,1
9188,1
9189,1
9190,1
9191,-1
9192,1
9193,1
9194,1
9195,1
9196,1
9197,1
9198,1
9199,1
9200,1
9201,1
9202,1
9203,1
9204,1
9205,1
9206,1
9207,1
9208,1
9209,1
9210,1
9211,1
9212,1
9213,1
9214,1
9215,1
9216,1
9217,1
9218,-1
9219,1
9220,1
9221,1
9222,-1
9223,1
9224,1
9225,1
9226,1
9227,1
9228,1
9229,1
9230,1
9231,1
9232,1
9233,1
9234,1
9235,1
9236,1
9237,-1
9238,1
9239,1
9240,-1
9241,1
9242,1
9243,1
9244,1
9245,-1
9246,1
9247,1
9248,1
9249,1
9250,1
9251,-1
9252,-1
9253,1
9254,1
9255,1
9256,1
9257,1
9258,1
9259,1
9260,1
9261,1
9262,1
9263,1
9264,1
9265,1
9266,-1
9267,1
9268,1
9269,1
9270,1
9271,1
9272,1
9273,1
9274,1
9275,1
9276,-1
9277,1
9278,-1
9279,1
9280,1
9281,-1
9282,1
9283,1
9284,1
9285,1
9286,1
9287,1
9288,1
9289,1
9290,1
9291,1
9292,1
9293,1
9294,1
9295,1
9296,1
9297,1
9298,1
9299,-1
9300,1
9301,1
9302,-1
9303,1
9304,1
9305,1
9306,1
9307,1
9308,1
9309,1
9310,1
9311,1
9312,-1
9313,1
9314,1
9315,1
9316,1
9317,1
9318,1
9319,1
9320,1
9321,1
9322,1
9323,1
9324,1
9325,1
9326,1
9327,1
9328,1
9329,1
9330,1
9331,1
9332,1
9333,1
9334,1
9335,1
9336,1
9337,-1
9338,1
9339,1
9340,1
9341,1
9342,1
9343,1
9344,1
9345,1
9346,1
9347,1
9348,1
9349,1
9350,1
9351,1
9352,1
9353,1
9354,1
9355,1
9356,1
9357,1
9358,1
9359,1
9360,1
9361,1
9362,1
9363,1
9364,1
9365,1
9366,1
9367,1
9368,1
9369,1
9370,1
9371,1
9372,1
9373,1
9374,1
9375,1
9376,1
9377,1
9378,1
9379,1
9380,1
9381,1
9382,1
9383,1
9384,1
9385,1
9386,1
9387,1
9388,1
9389,1
9390,1
9391,1
9392,1
9393,1
9394,1
9395,1
9396,1
9397,1
9398,1
9399,1
9400,-1
9401,1
9402,1
9403,1
9404,1
9405,1
9406,1
9407,1
9408,1
9409,1
9410,1
9411,1
9412,1
9413,1
9414,1
9415,1
9416,-1
9417,1
9418,1
9419,1
9420,1
9421,1
9422,1
9423,1
9424,1
9425,1
9426,1
9427,1
9428,1
9429,1
9430,1
9431,1
9432,1
9433,1
9434,1
9435,1
9436,1
9437,1
9438,1
9439,1
9440,1
9441,1
9442,1
9443,1
9444,1
9445,-1
9446,1
9447,1
9448,1
9449,1
9450,1
9451,1
9452,1
9453,1
9454,1
9455,1
9456,1
9457,1
9458,1
9459,1
9460,-1
9461,1
9462,1
9463,-1
9464,1
9465,1
9466,1
9467,1
9468,1
9469,1
9470,1
9471,1
9472,1
9473,1
9474,1
9475,1
9476,1
9477,1
9478,1
9479,1
9480,1
9481,1
9482,1
9483,-1
9484,1
9485,-1
9486,1
9487,1
9488,1
9489,1
9490,1
9491,1
9492,1
9493,1
9494,1
9495,1
9496,1
9497,1
9498,1
9499,1
9500,1
9501,1
9502,1
9503,1
9504,1
9505,1
9506,1
9507,1
9508,1
9509,1
9510,1
9511,1
9512,1
9513,1
9514,1
9515,1
9516,-1
9517,1
9518,1
9519,1
9520,1
9521,1
9522,1
9523,1
9524,1
9525,1
9526,1
9527,1
9528,1
9529,1
9530,1
9531,1
9532,1
9533,1
9534,1
9535,1
9536,1
9537,1
9538,1
9539,1
9540,1
9541,1
9542,1
9543,1
9544,1
9545,1
9546,1
9547,1
9548,1
9549,1
9550,1
9551,1
9552,1
9553,1
9554,-1
9555,1
9556,1
9557,1
9558,1
9559,1
9560,1
9561,1
9562,1
9563,1
9564,1
9565,1
9566,1
9567,1
9568,1
9569,1
9570,1
9571,1
9572,1
9573,1
9574,-1
9575,1
9576,1
9577,1
9578,1
9579,1
9580,1
9581,-1
9582,-1
9583,1
9584,1
9585,1
9586,1
9587,1
9588,1
9589,1
9590,1
9591,1
9592,1
9593,1
9594,1
9595,1
9596,1
9597,1
9598,1
9599,1
9600,1
9601,1
9602,1
9603,1
9604,1
9605,1
9606,1
9607,1
9608,1
9609,1
9610,1
9611,1
9612,1
9613,1
9614,1
9615,1
9616,1
9617,1
9618,1
9619,1
9620,1
9621,1
9622,1
9623,1
9624,1
9625,1
9626,1
9627,1
9628,1
9629,1
9630,1
9631,1
9632,1
9633,1
9634,1
9635,1
9636,1
9637,1
9638,1
9639,1
9640,-1
9641,-1
9642,1
9643,1
9644,1
9645,1
9646,1
9647,1
9648,1
9649,1
9650,1
9651,1
9652,1
9653,1
9654,1
9655,1
9656,1
9657,1
9658,1
9659,1
9660,1
9661,-1
9662,1
9663,1
9664,1
9665,1
9666,1
9667,1
9668,-1
9669,1
9670,1
9671,1
9672,1
9673,1
9674,1
9675,1
9676,1
9677,1
9678,1
9679,1
9680,1
9681,1
9682,1
9683,1
9684,1
9685,1
9686,1
9687,1
9688,1
9689,1
9690,1
9691,-1
9692,1
9693,1
9694,1
9695,1
9696,1
9697,1
9698,1
9699,1
9700,1
9701,1
9702,-1
9703,1
9704,1
9705,1
9706,1
9707,1
9708,1
9709,1
9710,1
9711,1
9712,1
9713,1
9714,1
9715,-1
9716,1
9717,1
9718,1
9719,1
9720,-1
9721,1
9722,1
9723,1
9724,1
9725,1
9726,-1
9727,1
9728,1
9729,1
9730,1
9731,-1
9732,1
9733,1
9734,1
9735,1
9736,1
9737,1
9738,1
9739,1
9740,1
9741,1
9742,1
9743,1
9744,1
9745,1
9746,1
9747,1
9748,1
9749,1
9750,1
9751,1
9752,1
9753,1
9754,1
9755,1
9756,1
9757,1
9758,1
9759,1
9760,1
9761,1
9762,1
9763,1
9764,1
9765,1
9766,1
9767,1
9768,1
9769,1
9770,-1
9771,1
9772,1
9773,1
9774,1
9775,1
9776,1
9777,1
9778,1
9779,1
9780,1
9781,-1
9782,1
9783,1
9784,-1
9785,1
9786,1
9787,1
9788,-1
9789,1
9790,1
9791,1
9792,1
9793,1
9794,1
9795,1
9796,1
9797,1
9798,1
9799,1
9800,1
9801,1
9802,1
9803,-1
9804,1
9805,1
9806,1
9807,1
9808,1
9809,1
9810,1
9811,1
9812,1
9813,1
9814,1
9815,1
9816,1
9817,1
9818,1
9819,1
9820,1
9821,1
9822,-1
9823,1
9824,1
9825,1
9826,1
9827,1
9828,1
9829,1
9830,1
9831,1
9832,1
9833,1
9834,-1
9835,1
9836,1
9837,1
9838,-1
9839,1
9840,1
9841,1
9842,-1
9843,1
9844,-1
9845,1
9846,1
9847,1
9848,-1
9849,1
9850,1
9851,1
9852,1
9853,1
9854,1
9855,1
9856,1
9857,1
9858,-1
9859,1
9860,1
9861,1
9862,1
9863,1
9864,1
9865,1
9866,1
9867,1
9868,1
9869,1
9870,1
9871,1
9872,1
9873,1
9874,1
9875,1
9876,1
9877,-1
9878,1
9879,1
9880,1
9881,-1
9882,1
9883,1
9884,1
9885,1
9886,1
9887,1
9888,1
9889,1
9890,1
9891,1
9892,1
9893,1
9894,1
9895,1
9896,1
9897,1
9898,1
9899,1
9900,1
9901,1
9902,1
9903,1
9904,1
9905,1
9906,1
9907,1
9908,1
9909,1
9910,1
9911,1
9912,1
9913,1
9914,1
9915,1
9916,-1
9917,1
9918,1
9919,1
9920,1
9921,1
9922,1
9923,1
9924,1
9925,1
9926,1
9927,1
9928,1
9929,1
9930,1
9931,1
9932,1
9933,1
9934,1
9935,1
9936,1
9937,-1
9938,1
9939,1
9940,1
9941,1
9942,1
9943,1
9944,1
9945,1
9946,1
9947,1
9948,-1
9949,1
9950,-1
9951,1
9952,1
9953,1
9954,1
9955,1
9956,1
9957,1
9958,1
9959,1
9960,1
9961,1
9962,1
9963,1
9964,-1
9965,1
9966,1
9967,1
9968,1
9969,1
9970,1
9971,1
9972,1
9973,1
9974,1
9975,1
9976,1
9977,1
9978,1
9979,1
9980,1
9981,1
9982,1
9983,1
9984,1
9985,1
9986,1
9987,1
9988,1
9989,1
9990,1
9991,1
9992,1
9993,-1
9994,1
9995,-1
9996,1
9997,1
9998,1
9999,1
10000,1
10001,1
10002,1
10003,1
10004,1
10005,1
10006,1
10007,1
10008,1
10009,1
10010,1
10011,1
10012,1
10013,1
10014,1
10015,1
10016,1
10017,1
10018,1
10019,1
10020,1
10021,1
10022,1
10023,1
10024,1
10025,1
10026,1
10027,1
10028,-1
10029,1
10030,1
10031,1
10032,1
10033,1
10034,1
10035,1
10036,1
10037,1
10038,1
10039,1
10040,1
10041,1
10042,-1
10043,1
10044,1
10045,1
10046,1
10047,1
10048,1
10049,1
10050,1
10051,1
10052,1
10053,1
10054,1
10055,1
10056,1
10057,-1
10058,1
10059,1
10060,1
10061,1
10062,1
10063,1
10064,1
10065,1
10066,1
10067,1
10068,1
10069,1
10070,1
10071,1
10072,1
10073,1
10074,1
10075,1
10076,1
10077,1
10078,1
10079,-1
10080,1
10081,1
10082,1
10083,1
10084,1
10085,1
10086,1
10087,1
10088,1
10089,1
10090,1
10091,1
10092,1
10093,1
10094,1
10095,1
10096,1
10097,1
10098,1
10099,1
10100,1
10101,1
10102,1
10103,1
10104,-1
10105,1
10106,1
10107,1
10108,1
10109,1
10110,1
10111,1
10112,1
10113,-1
10114,1
10115,1
10116,1
10117,1
10118,1
10119,1
10120,1
10121,1
10122,1
10123,1
10124,1
10125,1
10126,-1
10127,-1
10128,1
10129,1
10130,1
10131,-1
10132,1
10133,1
10134,1
10135,1
10136,1
10137,1
10138,1
10139,1
10140,1
10141,1
10142,-1
10143,1
10144,1
10145,1
10146,1
10147,1
10148,1
10149,1
10150,1
10151,1
10152,1
10153,1
10154,1
10155,1
10156,1
10157,1
10158,1
10159,1
10160,1
10161,1
10162,1
10163,1
10164,1
10165,1
10166,1
10167,1
10168,1
10169,1
10170,1
10171,-1
10172,1
10173,1
10174,1
10175,1
10176,1
10177,1
10178,1
10179,1
10180,-1
10181,1
10182,1
10183,1
10184,1
10185,1
10186,1
10187,1
10188,1
10189,1
10190,1
10191,1
10192,1
10193,1
10194,1
10195,1
10196,1
10197,-1
10198,1
10199,1
10200,-1
10201,-1
10202,-1
10203,-1
10204,4
10205,-1
10206,-1
10207,-1
10208,-1
10209,-1
10210,4
10211,-1
10212,-1
10213,-1
10214,4
10215,-1
10216,-1
10217,-1
10218,4
10219,-1
10220,-1
10221,-1
10222,-1
10223,-1
10224,-1
10225,-1
10226,-1
10227,-1
10228,-1
10229,-1
10230,-1
10231,-1
10232,-1
10233,-1
10234,-1
10235,-1
10236,-1
10237,-1
10238,-1
10239,-1
10240,-1
10241,-1
10242,-1
10243,-1
10244,-1
10245,-1
10246,-1
10247,-1
10248,-1
10249,-1
10250,-1
10251,-1
10252,-1
10253,-1
10254,-1
10255,-1
10256,-1
10257,-1
10258,-1
10259,-1
10260,-1
10261,-1
10262,-1
10263,-1
10264,4
10265,-1
10266,-1
10267,-1
10268,-1
10269,-1
10270,-1
10271,-1
10272,-1
10273,-1
10274,-1
10275,-1
10276,-1
10277,-1
10278,-1
10279,-1
10280,-1
10281,-1
10282,-1
10283,-1
10284,-1
10285,-1
10286,-1
10287,-1
10288,-1
10289,-1
10290,4
10291,4
10292,-1
10293,-1
10294,-1
10295,-1
10296,-1
10297,-1
10298,-1
10299,-1
10300,-1
10301,-1
10302,-1
10303,-1
10304,-1
10305,-1
10306,-1
10307,-1
10308,-1
10309,-1
10310,4
10311,-1
10312,-1
10313,-1
10314,-1
10315,4
10316,-1
10317,-1
10318,-1
10319,-1
10320,-1
10321,-1
10322,-1
10323,4
10324,-1
10325,-1
10326,-1
10327,-1
10328,-1
10329,-1
10330,-1
10331,-1
10332,-1
10333,-1
10334,-1
10335,-1
10336,-1
10337,-1
10338,-1
10339,-1
10340,4
10341,-1
10342,-1
10343,0
10344,-1
10345,-1
10346,-1
10347,4
10348,-1
10349,-1
10350,-1
10351,-1
10352,-1
10353,-1
10354,-1
10355,4
10356,-1
10357,-1
10358,-1
10359,-1
10360,-1
10361,-1
10362,-1
10363,-1
10364,-1
10365,-1
10366,-1
10367,-1
10368,-1
10369,-1
10370,-1
10371,-1
10372,-1
10373,-1
10374,-1
10375,-1
10376,-1
10377,-1
10378,-1
10379,-1
10380,-1
10381,-1
10382,-1
10383,-1
10384,-1
10385,-1
10386,-1
10387,-1
10388,-1
10389,-1
10390,-1
10391,-1
10392,-1
10393,-1
10394,-1
10395,-1
10396,-1
10397,4
10398,-1
10399,-1
10400,-1
10401,-1
10402,-1
10403,-1
10404,-1
10405,-1
10406,-1
10407,4
10408,-1
10409,-1
10410,-1
10411,-1
10412,-1
10413,-1
10414,-1
10415,-1
10416,-1
10417,-1
10418,-1
10419,-1
10420,-1
10421,-1
10422,-1
10423,-1
10424,-1
10425,-1
10426,-1
10427,-1
10428,-1
10429,-1
10430,4
10431,-1
10432,-1
10433,-1
10434,-1
10435,-1
10436,-1
10437,4
10438,4
10439,-1
10440,-1
10441,-1
10442,-1
10443,-1
10444,0
10445,-1
10446,-1
10447,-1
10448,-1
10449,4
10450,-1
10451,-1
10452,-1
10453,4
10454,-1
10455,-1
10456,-1
10457,-1
10458,-1
10459,-1
10460,-1
10461,-1
10462,4
10463,-1
10464,-1
10465,-1
10466,-1
10467,-1
10468,4
10469,-1
10470,-1
10471,-1
10472,-1
10473,4
10474,-1
10475,-1
10476,-1
10477,-1
10478,-1
10479,-1
10480,-1
10481,4
10482,-1
10483,-1
10484,-1
10485,-1
10486,-1
10487,4
10488,-1
10489,-1
10490,-1
10491,-1
10492,-1
10493,-1
10494,-1
10495,-1
10496,-1
10497,-1
10498,1
10499,-1
10500,-1
10501,-1
10502,-1
10503,-1
10504,4
10505,-1
10506,-1
10507,-1
10508,-1
10509,-1
10510,-1
10511,-1
10512,-1
10513,-1
10514,-1
10515,-1
10516,4
10517,4
10518,-1
10519,-1
10520,-1
10521,-1
10522,-1
10523,4
10524,-1
10525,-1
10526,-1
10527,-1
10528,-1
10529,-1
10530,-1
10531,-1
10532,-1
10533,-1
10534,-1
10535,-1
10536,-1
10537,-1
10538,-1
10539,-1
10540,4
10541,-1
10542,4
10543,-1
10544,-1
10545,-1
10546,-1
10547,-1
10548,-1
10549,-1
10550,4
10551,-1
10552,-1
10553,-1
10554,-1
10555,-1
10556,-1
10557,-1
10558,-1
10559,0
10560,-1
10561,-1
10562,-1
10563,-1
10564,-1
10565,-1
10566,-1
10567,4
10568,-1
10569,-1
10570,-1
10571,-1
10572,-1
10573,-1
10574,-1
10575,-1
10576,-1
10577,-1
10578,4
10579,-1
10580,-1
10581,-1
10582,-1
10583,-1
10584,-1
10585,-1
10586,-1
10587,-1
10588,-1
10589,-1
10590,-1
10591,-1
10592,-1
10593,-1
10594,-1
10595,-1
10596,-1
10597,-1
10598,-1
10599,-1
10600,-1
10601,-1
10602,-1
10603,4
10604,-1
10605,-1
10606,-1
10607,4
10608,-1
10609,-1
10610,-1
10611,-1
10612,-1
10613,-1
10614,4
10615,4
10616,-1
10617,-1
10618,4
10619,-1
10620,-1
10621,-1
10622,-1
10623,-1
10624,-1
10625,-1
10626,-1
10627,-1
10628,-1
10629,-1
10630,-1
10631,-1
10632,-1
10633,-1
10634,-1
10635,-1
10636,-1
10637,-1
10638,-1
10639,-1
10640,-1
10641,-1
10642,-1
10643,-1
10644,-1
10645,0
10646,-1
10647,-1
10648,-1
10649,-1
10650,-1
10651,-1
10652,-1
10653,-1
10654,-1
10655,-1
10656,-1
10657,-1
10658,-1
10659,-1
10660,-1
10661,-1
10662,-1
10663,-1
10664,-1
10665,-1
10666,-1
10667,-1
10668,-1
10669,-1
10670,-1
10671,-1
10672,-1
10673,-1
10674,-1
10675,-1
10676,-1
10677,-1
10678,-1
10679,-1
10680,-1
10681,-1
10682,-1
10683,-1
10684,-1
10685,-1
10686,-1
10687,-1
10688,-1
10689,4
10690,-1
10691,-1
10692,-1
10693,-1
10694,4
10695,-1
10696,4
10697,-1
10698,-1
10699,-1
10700,-1
10701,-1
10702,-1
10703,-1
10704,-1
10705,-1
10706,-1
10707,-1
10708,-1
10709,-1
10710,-1
10711,-1
10712,-1
10713,-1
10714,-1
10715,-1
10716,-1
10717,-1
10718,-1
10719,-1
10720,-1
10721,-1
10722,-1
10723,4
10724,-1
10725,-1
10726,-1
10727,-1
10728,-1
10729,-1
10730,-1
10731,-1
10732,-1
10733,4
10734,-1
10735,-1
10736,-1
10737,-1
10738,-1
10739,-1
10740,-1
10741,-1
10742,-1
10743,-1
10744,-1
10745,-1
10746,-1
10747,-1
10748,-1
10749,-1
10750,-1
10751,-1
10752,-1
10753,4
10754,-1
10755,-1
10756,-1
10757,-1
10758,-1
10759,-1
10760,-1
10761,0
10762,-1
10763,-1
10764,-1
10765,-1
10766,-1
10767,-1
10768,-1
10769,-1
10770,-1
10771,-1
10772,-1
10773,4
10774,-1
10775,-1
10776,-1
10777,1
10778,-1
10779,-1
10780,-1
10781,-1
10782,-1
10783,-1
10784,-1
10785,-1
10786,-1
10787,-1
10788,-1
10789,-1
10790,-1
10791,-1
10792,-1
10793,-1
10794,-1
10795,0
10796,-1
10797,-1
10798,-1
10799,-1
10800,-1
10801,-1
10802,-1
10803,-1
10804,4
10805,-1
10806,-1
10807,-1
10808,-1
10809,-1
10810,-1
10811,4
10812,-1
10813,-1
10814,-1
10815,-1
10816,-1
10817,-1
10818,-1
10819,-1
10820,-1
10821,4
10822,4
10823,-1
10824,-1
10825,-1
10826,-1
10827,-1
10828,-1
10829,4
10830,-1
10831,-1
10832,-1
10833,-1
10834,4
10835,-1
10836,-1
10837,-1
10838,-1
10839,-1
10840,-1
10841,-1
10842,-1
10843,-1
10844,4
10845,4
10846,-1
10847,-1
10848,-1
10849,-1
10850,-1
10851,-1
10852,-1
10853,-1
10854,-1
10855,-1
10856,4
10857,-1
10858,-1
10859,-1
10860,-1
10861,-1
10862,-1
10863,-1
10864,-1
10865,-1
10866,1
10867,-1
10868,-1
10869,-1
10870,-1
10871,-1
10872,-1
10873,-1
10874,-1
10875,-1
10876,-1
10877,-1
10878,-1
10879,-1
10880,-1
10881,-1
10882,-1
10883,-1
10884,4
10885,-1
10886,-1
10887,-1
10888,4
10889,-1
10890,-1
10891,-1
10892,-1
10893,-1
10894,-1
10895,-1
10896,-1
10897,-1
10898,-1
10899,-1
10900,-1
10901,-1
10902,-1
10903,-1
10904,-1
10905,-1
10906,-1
10907,-1
10908,-1
10909,1
10910,-1
10911,-1
10912,-1
10913,-1
10914,-1
10915,-1
10916,4
10917,-1
10918,-1
10919,-1
10920,-1
10921,-1
10922,-1
10923,-1
10924,-1
10925,-1
10926,-1
10927,-1
10928,-1
10929,-1
10930,-1
10931,-1
10932,-1
10933,-1
10934,-1
10935,-1
10936,-1
10937,-1
10938,-1
10939,-1
10940,-1
10941,-1
10942,-1
10943,-1
10944,-1
10945,-1
10946,-1
10947,-1
10948,-1
10949,-1
10950,4
10951,-1
10952,-1
10953,-1
10954,-1
10955,-1
10956,-1
10957,-1
10958,-1
10959,-1
10960,-1
10961,-1
10962,-1
10963,-1
10964,-1
10965,-1
10966,-1
10967,-1
10968,-1
10969,-1
10970,-1
10971,-1
10972,-1
10973,-1
10974,-1
10975,-1
10976,-1
10977,-1
10978,-1
10979,-1
10980,-1
10981,-1
10982,-1
10983,-1
10984,-1
10985,-1
10986,-1
10987,-1
10988,-1
10989,4
10990,-1
10991,-1
10992,-1
10993,-1
10994,-1
10995,-1
10996,-1
10997,-1
10998,-1
10999,-1
11000,-1
11001,4
11002,-1
11003,-1
11004,-1
11005,-1
11006,4
11007,-1
11008,-1
11009,-1
11010,-1
11011,-1
11012,-1
11013,-1
11014,-1
11015,4
11016,-1
11017,-1
11018,-1
11019,-1
11020,-1
11021,4
11022,-1
11023,-1
11024,-1
11025,-1
11026,-1
11027,-1
11028,-1
11029,-1
11030,-1
11031,-1
11032,-1
11033,4
11034,-1
11035,-1
11036,-1
11037,-1
11038,-1
11039,-1
11040,-1
11041,-1
11042,-1
11043,-1
11044,-1
11045,-1
11046,-1
11047,-1
11048,-1
11049,-1
11050,-1
11051,-1
11052,-1
11053,-1
11054,-1
11055,-1
11056,-1
11057,-1
11058,-1
11059,-1
11060,-1
11061,4
11062,-1
11063,4
11064,-1
11065,-1
11066,-1
11067,-1
11068,-1
11069,-1
11070,-1
11071,-1
11072,4
11073,-1
11074,-1
11075,-1
11076,-1
11077,-1
11078,-1
11079,-1
11080,-1
11081,-1
11082,-1
11083,4
11084,-1
11085,-1
11086,-1
11087,-1
11088,-1
11089,4
11090,-1
11091,-1
11092,4
11093,-1
11094,-1
11095,-1
11096,-1
11097,-1
11098,-1
11099,-1
11100,-1
11101,-1
11102,-1
11103,-1
11104,-1
11105,-1
11106,-1
11107,-1
11108,-1
11109,-1
11110,-1
11111,-1
11112,-1
11113,-1
11114,-1
11115,-1
11116,-1
11117,-1
11118,-1
11119,-1
11120,-1
11121,-1
11122,-1
11123,-1
11124,-1
11125,-1
11126,-1
11127,-1
11128,-1
11129,-1
11130,-1
11131,-1
11132,-1
11133,-1
11134,-1
11135,-1
11136,-1
11137,-1
11138,-1
11139,-1
11140,4
11141,-1
11142,-1
11143,-1
11144,4
11145,-1
11146,-1
11147,-1
11148,-1
11149,4
11150,-1
11151,-1
11152,-1
11153,-1
11154,-1
11155,-1
11156,-1
11157,-1
11158,-1
11159,-1
11160,-1
11161,-1
11162,-1
11163,-1
11164,-1
11165,-1
11166,-1
11167,-1
11168,-1
11169,-1
11170,-1
11171,-1
11172,-1
11173,-1
11174,-1
11175,-1
11176,-1
11177,-1
11178,-1
11179,-1
11180,4
11181,-1
11182,-1
11183,1
11184,0
11185,-1
11186,-1
11187,-1
11188,-1
11189,-1
11190,-1
11191,-1
11192,-1
11193,4
11194,-1
11195,-1
11196,-1
11197,4
11198,-1
11199,-1
11200,-1
11201,-1
11202,-1
11203,-1
11204,-1
11205,-1
11206,-1
11207,-1
11208,-1
11209,-1
11210,-1
11211,-1
11212,-1
11213,-1
11214,-1
11215,-1
11216,-1
11217,-1
11218,-1
11219,-1
11220,-1
11221,-1
11222,-1
11223,4
11224,-1
11225,-1
11226,-1
11227,-1
11228,-1
11229,-1
11230,-1
11231,-1
11232,-1
11233,-1
11234,-1
11235,-1
11236,-1
11237,-1
11238,-1
11239,-1
11240,-1
11241,-1
11242,-1
11243,-1
11244,-1
11245,-1
11246,-1
11247,-1
11248,-1
11249,-1
11250,-1
11251,-1
11252,4
11253,4
11254,-1
11255,-1
11256,-1
11257,-1
11258,-1
11259,-1
11260,-1
11261,-1
11262,-1
11263,4
11264,-1
11265,-1
11266,-1
11267,-1
11268,-1
11269,-1
11270,-1
11271,4
11272,-1
11273,-1
11274,-1
11275,4
11276,4
11277,-1
11278,-1
11279,-1
11280,-1
11281,-1
11282,4
11283,-1
11284,4
11285,-1
11286,-1
11287,-1
11288,-1
11289,-1
11290,-1
11291,-1
11292,-1
11293,-1
11294,-1
11295,-1
11296,4
11297,-1
11298,-1
11299,-1
11300,-1
11301,-1
11302,-1
11303,-1
11304,-1
11305,-1
11306,-1
11307,-1
11308,-1
11309,-1
11310,-1
11311,-1
11312,-1
11313,0
11314,4
11315,-1
11316,-1
11317,-1
11318,-1
11319,-1
11320,-1
11321,-1
11322,-1
11323,-1
11324,-1
11325,-1
11326,-1
11327,-1
11328,-1
11329,-1
11330,-1
11331,-1
11332,-1
11333,-1
11334,-1
11335,-1
11336,-1
11337,-1
11338,-1
11339,-1
11340,-1
11341,-1
11342,-1
11343,-1
11344,-1
11345,4
11346,-1
11347,-1
11348,-1
11349,-1
11350,-1
11351,-1
11352,-1
11353,-1
11354,-1
11355,-1
11356,4
11357,-1
11358,-1
11359,-1
11360,-1
11361,-1
11362,-1
11363,-1
11364,-1
11365,-1
11366,-1
11367,4
11368,4
11369,-1
11370,-1
11371,-1
11372,-1
11373,-1
11374,4
11375,-1
11376,-1
11377,-1
11378,-1
11379,-1
11380,-1
11381,-1
11382,-1
11383,-1
11384,-1
11385,-1
11386,-1
11387,4
11388,-1
11389,-1
11390,-1
11391,-1
11392,-1
11393,-1
11394,-1
11395,-1
11396,-1
11397,-1
11398,4
11399,-1
11400,-1
11401,4
11402,-1
11403,-1
11404,-1
11405,-1
11406,-1
11407,-1
11408,-1
11409,-1
11410,-1
11411,-1
11412,-1
11413,-1
11414,-1
11415,4
11416,-1
11417,-1
11418,-1
11419,-1
11420,-1
11421,-1
11422,-1
11423,-1
11424,4
11425,-1
11426,-1
11427,-1
11428,-1
11429,-1
11430,-1
11431,-1
11432,-1
11433,4
11434,-1
11435,-1
11436,-1
11437,-1
11438,4
11439,-1
11440,-1
11441,-1
11442,4
11443,-1
11444,-1
11445,-1
11446,-1
11447,-1
11448,-1
11449,-1
11450,-1
11451,-1
11452,-1
11453,-1
11454,-1
11455,-1
11456,-1
11457,-1
11458,-1
11459,-1
11460,-1
11461,-1
11462,-1
11463,-1
11464,-1
11465,-1
11466,4
11467,-1
11468,-1
11469,-1
11470,-1
11471,-1
11472,-1
11473,-1
11474,-1
11475,-1
11476,-1
11477,-1
11478,-1
11479,-1
11480,-1
11481,-1
11482,-1
11483,-1
11484,-1
11485,-1
11486,-1
11487,-1
11488,-1
11489,-1
11490,4
11491,-1
11492,-1
11493,-1
11494,-1
11495,-1
11496,-1
11497,-1
11498,-1
11499,-1
11500,-1
11501,-1
11502,-1
11503,-1
11504,-1
11505,-1
11506,-1
11507,-1
11508,-1
11509,4
11510,-1
11511,-1
11512,-1
11513,-1
11514,-1
11515,-1
11516,-1
11517,-1
11518,-1
11519,-1
11520,-1
11521,-1
11522,-1
11523,-1
11524,-1
11525,-1
11526,-1
11527,-1
11528,-1
11529,-1
11530,-1
11531,-1
11532,-1
11533,-1
11534,-1
11535,-1
11536,0
11537,-1
11538,-1
11539,-1
11540,-1
11541,-1
11542,-1
11543,-1
11544,-1
11545,4
11546,-1
11547,-1
11548,-1
11549,-1
11550,-1
11551,-1
11552,-1
11553,-1
11554,-1
11555,-1
11556,-1
11557,-1
11558,-1
11559,-1
11560,-1
11561,-1
11562,-1
11563,-1
11564,4
11565,-1
11566,-1
11567,-1
11568,-1
11569,-1
11570,-1
11571,-1
11572,-1
11573,4
11574,-1
11575,4
11576,-1
11577,-1
11578,-1
11579,-1
11580,-1
11581,-1
11582,-1
11583,-1
11584,-1
11585,-1
11586,-1
11587,0
11588,-1
11589,-1
11590,-1
11591,-1
11592,-1
11593,-1
11594,-1
11595,-1
11596,-1
11597,-1
11598,-1
11599,-1
11600,-1
11601,-1
11602,-1
11603,-1
11604,-1
11605,-1
11606,-1
11607,-1
11608,-1
11609,-1
11610,-1
11611,-1
11612,-1
11613,-1
11614,-1
11615,-1
11616,-1
11617,-1
11618,-1
11619,-1
11620,-1
11621,-1
11622,-1
11623,-1
11624,-1
11625,-1
11626,-1
11627,4
11628,-1
11629,-1
11630,-1
11631,-1
11632,-1
11633,-1
11634,-1
11635,4
11636,-1
11637,-1
11638,-1
11639,-1
11640,-1
11641,4
11642,-1
11643,-1
11644,-1
11645,-1
11646,-1
11647,-1
11648,-1
11649,-1
11650,-1
11651,-1
11652,-1
11653,-1
11654,-1
11655,-1
11656,-1
11657,-1
11658,-1
11659,-1
11660,-1
11661,-1
11662,-1
11663,-1
11664,-1
11665,-1
11666,-1
11667,-1
11668,-1
11669,-1
11670,-1
11671,-1
11672,-1
11673,4
11674,-1
11675,-1
11676,-1
11677,-1
11678,-1
11679,-1
11680,-1
11681,-1
11682,-1
11683,-1
11684,-1
11685,-1
11686,-1
11687,-1
11688,-1
11689,-1
11690,4
11691,-1
11692,-1
11693,-1
11694,-1
11695,-1
11696,-1
11697,-1
11698,-1
11699,-1
11700,-1
11701,-1
11702,-1
11703,-1
11704,4
11705,-1
11706,-1
11707,-1
11708,-1
11709,-1
11710,-1
11711,-1
11712,4
11713,-1
11714,-1
11715,-1
11716,-1
11717,-1
11718,-1
11719,-1
11720,-1
11721,-1
11722,-1
11723,-1
11724,-1
11725,-1
11726,-1
11727,-1
11728,-1
11729,-1
11730,-1
11731,-1
11732,-1
11733,-1
11734,-1
11735,-1
11736,4
11737,-1
11738,-1
11739,-1
11740,-1
11741,-1
11742,-1
11743,4
11744,-1
11745,-1
11746,-1
11747,-1
11748,-1
11749,-1
11750,-1
11751,-1
11752,-1
11753,-1
11754,-1
11755,-1
11756,-1
11757,-1
11758,-1
11759,-1
11760,-1
11761,-1
11762,-1
11763,-1
11764,-1
11765,-1
11766,-1
11767,-1
11768,-1
11769,-1
11770,-1
11771,-1
11772,-1
11773,-1
11774,-1
11775,-1
11776,-1
11777,-1
11778,4
11779,-1
11780,-1
11781,-1
11782,-1
11783,-1
11784,-1
11785,-1
11786,-1
11787,-1
11788,0
11789,4
11790,-1
11791,-1
11792,-1
11793,-1
11794,-1
11795,-1
11796,4
11797,-1
11798,-1
11799,-1
11800,-1
11801,-1
11802,-1
11803,-1
11804,-1
11805,-1
11806,-1
11807,1
11808,-1
11809,-1
11810,-1
11811,-1
11812,-1
11813,-1
11814,-1
11815,4
11816,-1
11817,-1
11818,-1
11819,-1
11820,-1
11821,-1
11822,-1
11823,-1
11824,-1
11825,-1
11826,-1
11827,-1
11828,-1
11829,-1
11830,-1
11831,-1
11832,-1
11833,-1
11834,-1
11835,-1
11836,-1
11837,-1
11838,-1
11839,-1
11840,-1
11841,-1
11842,-1
11843,-1
11844,-1
11845,-1
11846,-1
11847,-1
11848,0
11849,-1
11850,-1
11851,-1
11852,-1
11853,-1
11854,-1
11855,-1
11856,-1
11857,-1
11858,4
11859,-1
11860,-1
11861,-1
11862,-1
11863,-1
11864,4
11865,-1
11866,-1
11867,-1
11868,-1
11869,4
11870,-1
11871,-1
11872,-1
11873,-1
11874,-1
11875,-1
11876,-1
11877,-1
11878,-1
11879,-1
11880,4
11881,-1
11882,-1
11883,-1
11884,-1
11885,4
11886,-1
11887,-1
11888,-1
11889,-1
11890,-1
11891,-1
11892,-1
11893,-1
11894,-1
11895,4
11896,-1
11897,-1
11898,4
11899,-1
11900,-1
11901,-1
11902,-1
11903,-1
11904,-1
11905,4
11906,-1
11907,-1
11908,-1
11909,4
11910,-1
11911,-1
11912,-1
11913,-1
11914,-1
11915,-1
11916,-1
11917,-1
11918,-1
11919,-1
11920,-1
11921,-1
11922,-1
11923,-1
11924,4
11925,-1
11926,-1
11927,-1
11928,-1
11929,-1
11930,-1
11931,-1
11932,-1
11933,-1
11934,-1
11935,-1
11936,-1
11937,4
11938,-1
11939,-1
11940,-1
11941,-1
11942,-1
11943,-1
11944,-1
11945,-1
11946,-1
11947,4
11948,4
11949,-1
11950,1
11951,-1
11952,-1
11953,-1
11954,-1
11955,-1
11956,-1
11957,-1
11958,4
11959,-1
11960,-1
11961,-1
11962,-1
11963,-1
11964,-1
11965,-1
11966,-1
11967,-1
11968,-1
11969,-1
11970,-1
11971,-1
11972,-1
11973,-1
11974,-1
11975,-1
11976,-1
11977,-1
11978,-1
11979,-1
11980,-1
11981,-1
11982,-1
11983,-1
11984,-1
11985,-1
11986,-1
11987,-1
11988,-1
11989,4
11990,4
11991,-1
11992,-1
11993,-1
11994,-1
11995,-1
11996,-1
11997,0
11998,-1
11999,-1
12000,-1
12001,-1
12002,-1
12003,-1
12004,-1
12005,-1
12006,-1
12007,-1
12008,-1
12009,-1
12010,-1
12011,-1
12012,-1
12013,4
12014,-1
12015,-1
12016,-1
12017,-1
12018,-1
12019,-1
12020,-1
12021,-1
12022,-1
12023,-1
12024,-1
12025,-1
12026,-1
12027,-1
12028,-1
12029,-1
12030,-1
12031,-1
12032,-1
12033,-1
12034,-1
12035,-1
12036,-1
12037,-1
12038,-1
12039,4
12040,-1
12041,-1
12042,-1
12043,-1
12044,-1
12045,-1
12046,-1
12047,-1
12048,-1
12049,-1
12050,-1
12051,-1
12052,-1
12053,-1
12054,-1
12055,-1
12056,-1
12057,-1
12058,-1
12059,-1
12060,-1
12061,-1
12062,-1
12063,4
12064,-1
12065,-1
12066,-1
12067,-1
12068,-1
12069,-1
12070,-1
12071,-1
12072,-1
12073,-1
12074,-1
12075,-1
12076,-1
12077,-1
12078,-1
12079,-1
12080,-1
12081,-1
12082,-1
12083,-1
12084,-1
12085,-1
12086,-1
12087,-1
12088,-1
12089,-1
12090,-1
12091,-1
12092,-1
12093,-1
12094,-1
12095,-1
12096,-1
12097,-1
12098,-1
12099,-1
12100,-1
12101,-1
12102,-1
12103,-1
12104,-1
12105,-1
12106,-1
12107,-1
12108,4
12109,-1
12110,-1
12111,-1
12112,-1
12113,-1
12114,-1
12115,-1
12116,-1
12117,-1
12118,-1
12119,-1
12120,-1
12121,4
12122,-1
12123,-1
12124,-1
12125,-1
12126,-1
12127,0
12128,-1
12129,-1
12130,-1
12131,-1
12132,-1
12133,-1
12134,1
12135,-1
12136,-1
12137,-1
12138,4
12139,-1
12140,-1
12141,-1
12142,-1
12143,-1
12144,-1
12145,-1
12146,-1
12147,-1
12148,-1
12149,-1
12150,-1
12151,-1
12152,-1
12153,-1
12154,-1
12155,-1
12156,-1
12157,-1
12158,4
12159,-1
12160,-1
12161,-1
12162,-1
12163,-1
12164,4
12165,-1
12166,-1
12167,-1
12168,-1
12169,-1
12170,-1
12171,-1
12172,-1
12173,-1
12174,-1
12175,-1
12176,-1
12177,-1
12178,-1
12179,-1
12180,-1
12181,-1
12182,-1
12183,-1
12184,-1
12185,-1
12186,-1
12187,-1
12188,-1
12189,-1
12190,-1
12191,-1
12192,-1
12193,-1
12194,-1
12195,-1
12196,-1
12197,-1
12198,-1
12199,-1
12200,-1
12201,-1
12202,-1
12203,-1
12204,-1
12205,-1
12206,-1
12207,-1
12208,-1
12209,-1
12210,-1
12211,-1
12212,-1
12213,-1
12214,-1
12215,-1
12216,-1
12217,-1
12218,-1
12219,-1
12220,-1
12221,-1
12222,-1
12223,-1
12224,-1
12225,-1
12226,-1
12227,-1
12228,-1
12229,-1
12230,-1
12231,-1
12232,-1
12233,-1
12234,-1
12235,-1
12236,-1
12237,-1
12238,-1
12239,-1
12240,-1
12241,-1
12242,-1
12243,-1
12244,-1
12245,-1
12246,-1
12247,-1
12248,-1
12249,-1
12250,4
12251,-1
12252,-1
12253,-1
12254,-1
12255,-1
12256,-1
12257,-1
12258,-1
12259,-1
12260,-1
12261,-1
12262,-1
12263,-1
12264,-1
12265,-1
12266,-1
12267,-1
12268,-1
12269,-1
12270,-1
12271,-1
12272,-1
12273,-1
12274,-1
12275,-1
12276,-1
12277,-1
12278,-1
12279,-1
12280,-1
12281,-1
12282,-1
12283,-1
12284,-1
12285,-1
12286,-1
12287,-1
12288,-1
12289,-1
12290,-1
12291,-1
12292,-1
12293,-1
12294,-1
12295,-1
12296,-1
12297,0
12298,-1
12299,-1
12300,4
12301,-1
12302,-1
12303,4
12304,-1
12305,4
12306,-1
12307,-1
12308,-1
12309,0
12310,-1
12311,-1
12312,-1
12313,-1
12314,-1
12315,-1
12316,-1
12317,-1
12318,-1
12319,-1
12320,4
12321,-1
12322,-1
12323,-1
12324,-1
12325,-1
12326,4
12327,-1
12328,-1
12329,-1
12330,-1
12331,-1
12332,-1
12333,4
12334,-1
12335,4
12336,-1
12337,-1
12338,-1
12339,-1
12340,-1
12341,-1
12342,-1
12343,-1
12344,-1
12345,-1
12346,-1
12347,-1
12348,-1
12349,-1
12350,-1
12351,-1
12352,-1
12353,4
12354,-1
12355,-1
12356,-1
12357,-1
12358,-1
12359,-1
12360,-1
12361,-1
12362,-1
12363,-1
12364,-1
12365,-1
12366,-1
12367,-1
12368,-1
12369,-1
12370,-1
12371,-1
12372,-1
12373,-1
12374,0
12375,-1
12376,-1
12377,-1
12378,-1
12379,-1
12380,-1
12381,-1
12382,-1
12383,-1
12384,-1
12385,-1
12386,-1
12387,-1
12388,-1
12389,-1
12390,-1
12391,-1
12392,-1
12393,-1
12394,-1
12395,-1
12396,4
12397,-1
12398,-1
12399,-1
12400,1
12401,-1
12402,-1
12403,-1
12404,-1
12405,-1
12406,-1
12407,-1
12408,-1
12409,-1
12410,-1
12411,-1
12412,-1
12413,-1
12414,-1
12415,-1
12416,-1
12417,1
12418,-1
12419,-1
12420,-1
12421,-1
12422,-1
12423,-1
12424,-1
12425,-1
12426,-1
12427,-1
12428,-1
12429,4
12430,-1
12431,4
12432,-1
12433,-1
12434,-1
12435,-1
12436,-1
12437,-1
12438,-1
12439,-1
12440,-1
12441,-1
12442,-1
12443,-1
12444,-1
12445,-1
12446,-1
12447,-1
12448,-1
12449,-1
12450,-1
12451,-1
12452,-1
12453,-1
12454,4
12455,-1
12456,-1
12457,-1
12458,-1
12459,-1
12460,-1
12461,-1
12462,-1
12463,-1
12464,-1
12465,-1
12466,-1
12467,-1
12468,-1
12469,-1
12470,-1
12471,0
12472,-1
12473,-1
12474,-1
12475,-1
12476,4
12477,-1
12478,-1
12479,-1
12480,-1
12481,-1
12482,-1
12483,-1
12484,0
12485,-1
12486,-1
12487,-1
12488,-1
12489,-1
12490,-1
12491,-1
12492,-1
12493,-1
12494,-1
12495,-1
12496,-1
12497,-1
12498,-1
12499,-1
12500,-1
12501,-1
12502,-1
12503,-1
12504,-1
12505,-1
12506,-1
12507,-1
12508,-1
12509,-1
12510,-1
12511,-1
12512,-1
12513,-1
12514,-1
12515,-1
12516,-1
12517,-1
12518,-1
12519,-1
12520,-1
12521,-1
12522,-1
12523,-1
12524,-1
12525,-1
12526,-1
12527,-1
12528,-1
12529,-1
12530,-1
12531,4
12532,-1
12533,-1
12534,-1
12535,-1
12536,-1
12537,-1
12538,-1
12539,-1
12540,-1
12541,-1
12542,-1
12543,-1
12544,-1
12545,-1
12546,-1
12547,-1
12548,-1
12549,0
12550,-1
12551,-1
12552,4
12553,-1
12554,-1
12555,-1
12556,-1
12557,-1
12558,-1
12559,4
12560,0
12561,-1
12562,-1
12563,4
12564,-1
12565,-1
12566,-1
12567,-1
12568,-1
12569,-1
12570,-1
12571,-1
12572,-1
12573,-1
12574,-1
12575,-1
12576,4
12577,-1
12578,-1
12579,-1
12580,-1
12581,-1
12582,4
12583,-1
12584,-1
12585,-1
12586,-1
12587,-1
12588,-1
12589,-1
12590,-1
12591,-1
12592,-1
12593,-1
12594,-1
12595,-1
12596,-1
12597,-1
12598,-1
12599,-1
12600,0
12601,-1
12602,-1
12603,4
12604,-1
12605,-1
12606,-1
12607,-1
12608,-1
12609,-1
12610,-1
12611,-1
12612,4
12613,-1
12614,-1
12615,-1
12616,-1
12617,-1
12618,-1
12619,-1
12620,-1
12621,-1
12622,-1
12623,-1
12624,-1
12625,-1
12626,-1
12627,-1
12628,-1
12629,-1
12630,-1
12631,-1
12632,-1
12633,-1
12634,-1
12635,-1
12636,-1
12637,-1
12638,-1
12639,-1
12640,-1
12641,-1
12642,-1
12643,-1
12644,-1
12645,-1
12646,-1
12647,-1
12648,-1
12649,-1
12650,-1
12651,-1
12652,-1
12653,-1
12654,-1
12655,-1
12656,-1
12657,-1
12658,-1
12659,-1
12660,-1
12661,-1
12662,1
12663,-1
12664,-1
12665,-1
12666,-1
12667,-1
12668,-1
12669,-1
12670,4
12671,-1
12672,-1
12673,-1
12674,-1
12675,-1
12676,-1
12677,-1
12678,-1
12679,-1
12680,-1
12681,-1
12682,-1
12683,-1
12684,-1
12685,-1
12686,-1
12687,-1
12688,-1
12689,-1
12690,-1
12691,-1
12692,-1
12693,-1
12694,-1
12695,-1
12696,-1
12697,-1
12698,-1
12699,-1
12700,-1
12701,-1
12702,-1
12703,-1
12704,-1
12705,-1
12706,-1
12707,-1
12708,-1
12709,4
12710,-1
12711,-1
12712,-1
12713,-1
12714,-1
12715,-1
12716,-1
12717,-1
12718,-1
12719,4
12720,-1
12721,-1
12722,-1
12723,-1
12724,-1
12725,-1
12726,-1
12727,-1
12728,-1
12729,-1
12730,-1
12731,-1
12732,-1
12733,-1
12734,-1
12735,-1
12736,-1
12737,-1
12738,-1
12739,4
12740,-1
12741,-1
12742,-1
12743,-1
12744,-1
12745,-1
12746,-1
12747,-1
12748,-1
12749,-1
12750,-1
12751,-1
12752,4
12753,-1
12754,-1
12755,4
12756,-1
12757,-1
12758,-1
12759,-1
12760,-1
12761,-1
12762,-1
12763,-1
12764,-1
12765,-1
12766,-1
12767,-1
12768,-1
12769,-1
12770,-1
12771,-1
12772,-1
12773,-1
12774,-1
12775,-1
12776,4
12777,-1
12778,-1
12779,-1
12780,-1
12781,-1
12782,-1
12783,-1
12784,-1
12785,-1
12786,-1
12787,-1
12788,-1
12789,-1
12790,-1
12791,-1
12792,-1
12793,-1
12794,-1
12795,-1
12796,-1
12797,4
12798,-1
12799,-1
12800,-1
12801,-1
12802,-1
12803,-1
12804,-1
12805,-1
12806,-1
12807,-1
12808,-1
12809,-1
12810,-1
12811,-1
12812,-1
12813,-1
12814,-1
12815,-1
12816,-1
12817,-1
12818,-1
12819,-1
12820,0
12821,-1
12822,-1
12823,-1
12824,-1
12825,-1
12826,-1
12827,-1
12828,-1
12829,-1
12830,-1
12831,-1
12832,4
12833,-1
12834,-1
12835,-1
12836,-1
12837,-1
12838,-1
12839,-1
12840,-1
12841,-1
12842,-1
12843,-1
12844,-1
12845,-1
12846,-1
12847,-1
12848,-1
12849,-1
12850,-1
12851,-1
12852,-1
12853,-1
12854,-1
12855,-1
12856,-1
12857,-1
12858,-1
12859,-1
12860,-1
12861,4
12862,-1
12863,-1
12864,-1
12865,-1
12866,-1
12867,-1
12868,-1
12869,-1
12870,-1
12871,-1
12872,-1
12873,-1
12874,-1
12875,-1
12876,-1
12877,-1
12878,4
12879,-1
12880,-1
12881,-1
12882,-1
12883,-1
12884,-1
12885,-1
12886,-1
12887,-1
12888,-1
12889,-1
12890,4
12891,-1
12892,4
12893,-1
12894,-1
12895,-1
12896,-1
12897,-1
12898,-1
12899,-1
12900,-1
12901,-1
12902,-1
12903,-1
12904,-1
12905,-1
12906,-1
12907,4
12908,-1
12909,-1
12910,-1
12911,-1
12912,-1
12913,-1
12914,-1
12915,-1
12916,-1
12917,-1
12918,-1
12919,-1
12920,-1
12921,-1
12922,-1
12923,-1
12924,-1
12925,-1
12926,-1
12927,-1
12928,-1
12929,-1
12930,4
12931,-1
12932,-1
12933,-1
12934,-1
12935,-1
12936,-1
12937,-1
12938,-1
12939,-1
12940,-1
12941,-1
12942,-1
12943,-1
12944,-1
12945,-1
12946,-1
12947,-1
12948,-1
12949,-1
12950,-1
12951,-1
12952,-1
12953,-1
12954,-1
12955,-1
12956,-1
12957,-1
12958,-1
12959,-1
12960,-1
12961,-1
12962,-1
12963,1
12964,-1
12965,4
12966,-1
12967,-1
12968,-1
12969,-1
12970,4
12971,-1
12972,-1
12973,-1
12974,-1
12975,-1
12976,-1
12977,-1
12978,-1
12979,-1
12980,-1
12981,-1
12982,-1
12983,-1
12984,-1
12985,-1
12986,-1
12987,4
12988,-1
12989,-1
12990,-1
12991,4
12992,-1
12993,-1
12994,-1
12995,-1
12996,-1
12997,-1
12998,-1
12999,-1
13000,-1
13001,-1
13002,-1
13003,-1
13004,-1
13005,-1
13006,-1
13007,-1
13008,-1
13009,-1
13010,-1
13011,-1
13012,-1
13013,-1
13014,-1
13015,4
13016,-1
13017,4
13018,-1
13019,-1
13020,-1
13021,-1
13022,-1
13023,4
13024,-1
13025,-1
13026,-1
13027,-1
13028,-1
13029,-1
13030,4
13031,-1
13032,-1
13033,-1
13034,-1
13035,-1
13036,-1
13037,-1
13038,-1
13039,-1
13040,-1
13041,-1
13042,-1
13043,-1
13044,-1
13045,-1
13046,-1
13047,-1
13048,-1
13049,-1
13050,-1
13051,-1
13052,-1
13053,-1
13054,-1
13055,-1
13056,-1
13057,-1
13058,-1
13059,-1
13060,-1
13061,-1
13062,-1
13063,-1
13064,-1
13065,-1
13066,-1
13067,-1
13068,-1
13069,-1
13070,-1
13071,-1
13072,-1
13073,-1
13074,-1
13075,-1
13076,-1
13077,-1
13078,-1
13079,-1
13080,-1
13081,-1
13082,4
13083,-1
13084,-1
13085,-1
13086,-1
13087,-1
13088,-1
13089,-1
13090,-1
13091,-1
13092,-1
13093,-1
13094,-1
13095,-1
13096,-1
13097,-1
13098,-1
13099,-1
13100,-1
13101,0
13102,-1
13103,-1
13104,-1
13105,-1
13106,-1
13107,-1
13108,4
13109,-1
13110,-1
13111,-1
13112,-1
13113,-1
13114,-1
13115,-1
13116,-1
13117,-1
13118,-1
13119,-1
13120,4
13121,-1
13122,-1
13123,-1
13124,-1
13125,-1
13126,-1
13127,-1
13128,-1
13129,-1
13130,-1
13131,4
13132,-1
13133,-1
13134,-1
13135,-1
13136,-1
13137,-1
13138,-1
13139,-1
13140,-1
13141,-1
13142,-1
13143,-1
13144,-1
13145,-1
13146,-1
13147,-1
13148,-1
13149,-1
13150,-1
13151,-1
13152,-1
13153,-1
13154,-1
13155,-1
13156,-1
13157,-1
13158,-1
13159,-1
13160,1
13161,-1
13162,-1
13163,-1
13164,-1
13165,-1
13166,-1
13167,-1
13168,-1
13169,-1
13170,-1
13171,-1
13172,-1
13173,-1
13174,4
13175,-1
13176,-1
13177,-1
13178,-1
13179,-1
13180,-1
13181,-1
13182,-1
13183,-1
13184,-1
13185,-1
13186,-1
13187,-1
13188,-1
13189,-1
13190,-1
13191,-1
13192,-1
13193,-1
13194,-1
13195,-1
13196,-1
13197,-1
13198,-1
13199,-1
13200,-1
13201,-1
13202,4
13203,-1
13204,-1
13205,-1
13206,-1
13207,-1
13208,-1
13209,-1
13210,-1
13211,-1
13212,-1
13213,-1
13214,-1
13215,-1
13216,-1
13217,-1
13218,-1
13219,-1
13220,-1
13221,-1
13222,-1
13223,-1
13224,4
13225,-1
13226,-1
13227,-1
13228,-1
13229,-1
13230,-1
13231,-1
13232,-1
13233,-1
13234,-1
13235,-1
13236,-1
13237,-1
13238,-1
13239,-1
13240,-1
13241,-1
13242,-1
13243,-1
13244,-1
13245,4
13246,4
13247,-1
13248,-1
13249,-1
13250,-1
13251,-1
13252,-1
13253,-1
13254,-1
13255,-1
13256,-1
13257,-1
13258,4
13259,-1
13260,4
13261,-1
13262,-1
13263,-1
13264,-1
13265,-1
13266,-1
13267,-1
13268,-1
13269,4
13270,4
13271,-1
13272,-1
13273,-1
13274,-1
13275,-1
13276,-1
13277,-1
13278,-1
13279,-1
13280,-1
13281,-1
13282,-1
13283,-1
13284,-1
13285,0
13286,-1
13287,-1
13288,-1
13289,-1
13290,-1
13291,-1
13292,-1
13293,-1
13294,-1
13295,-1
13296,-1
13297,-1
13298,0
13299,4
13300,-1
13301,-1
13302,-1
13303,-1
13304,-1
13305,-1
13306,-1
13307,-1
13308,-1
13309,-1
13310,-1
13311,-1
13312,-1
13313,-1
13314,4
13315,-1
13316,-1
13317,0
13318,-1
13319,-1
13320,-1
13321,-1
13322,-1
13323,-1
13324,-1
13325,-1
13326,-1
13327,-1
13328,-1
13329,-1
13330,-1
13331,-1
13332,-1
13333,-1
13334,-1
13335,-1
13336,-1
13337,-1
13338,-1
13339,-1
13340,-1
13341,-1
13342,-1
13343,-1
13344,-1
13345,4
13346,-1
13347,-1
13348,-1
13349,-1
13350,-1
13351,-1
13352,-1
13353,4
13354,-1
13355,-1
13356,-1
13357,-1
13358,-1
13359,-1
13360,4
13361,-1
13362,-1
13363,-1
13364,-1
13365,-1
13366,-1
13367,-1
13368,-1
13369,-1
13370,-1
13371,-1
13372,-1
13373,-1
13374,0
13375,-1
13376,-1
13377,-1
13378,-1
13379,-1
13380,-1
13381,-1
13382,-1
13383,-1
13384,-1
13385,-1
13386,4
13387,-1
13388,-1
13389,-1
13390,-1
13391,-1
13392,-1
13393,-1
13394,-1
13395,-1
13396,-1
13397,-1
13398,-1
13399,-1
13400,-1
13401,-1
13402,-1
13403,4
13404,-1
13405,-1
13406,-1
13407,-1
13408,-1
13409,-1
13410,-1
13411,-1
13412,-1
13413,-1
13414,4
13415,-1
13416,-1
13417,-1
13418,-1
13419,-1
13420,-1
13421,4
13422,4
13423,-1
13424,-1
13425,-1
13426,4
13427,-1
13428,-1
13429,-1
13430,-1
13431,-1
13432,-1
13433,-1
13434,0
13435,-1
13436,-1
13437,-1
13438,-1
13439,-1
13440,-1
13441,4
13442,-1
13443,-1
13444,-1
13445,-1
13446,-1
13447,-1
13448,-1
13449,-1
13450,-1
13451,-1
13452,-1
13453,-1
13454,-1
13455,-1
13456,-1
13457,-1
13458,4
13459,-1
13460,4
13461,-1
13462,-1
13463,-1
13464,-1
13465,-1
13466,-1
13467,-1
13468,-1
13469,-1
13470,4
13471,-1
13472,-1
13473,-1
13474,-1
13475,-1
13476,-1
13477,-1
13478,-1
13479,-1
13480,-1
13481,-1
13482,-1
13483,-1
13484,-1
13485,-1
13486,-1
13487,4
13488,-1
13489,4
13490,-1
13491,-1
13492,-1
13493,-1
13494,-1
13495,4
13496,-1
13497,-1
13498,-1
13499,-1
13500,3
13501,3
13502,3
13503,-1
13504,3
13505,-1
13506,3
13507,3
13508,3
13509,3
13510,3
13511,3
13512,3
13513,3
13514,3
13515,3
13516,3
13517,3
13518,-1
13519,3
13520,3
13521,3
13522,3
13523,3
13524,3
13525,3
13526,3
13527,3
13528,3
13529,-1
13530,3
13531,3
13532,3
13533,-1
13534,3
13535,3
13536,3
13537,3
13538,3
13539,-1
13540,3
13541,-1
13542,3
13543,3
13544,3
13545,3
13546,3
13547,3
13548,-1
13549,-1
13550,3
13551,3
13552,3
13553,3
13554,3
13555,3
13556,3
13557,-1
13558,3
13559,3
13560,3
13561,3
13562,3
13563,3
13564,-1
13565,3
13566,3
13567,3
13568,3
13569,3
13570,3
13571,3
13572,3
13573,-1
13574,3
13575,3
13576,-1
13577,-1
13578,3
13579,3
13580,3
13581,3
13582,3
13583,-1
13584,-1
13585,3
13586,3
13587,3
13588,3
13589,3
13590,3
13591,3
13592,-1
13593,3
13594,3
13595,-1
13596,-1
13597,3
13598,3
13599,3
13600,3
13601,3
13602,3
13603,3
13604,3
13605,3
13606,-1
13607,-1
13608,3
13609,3
13610,3
13611,3
13612,-1
13613,3
13614,3
13615,3
13616,3
13617,-1
13618,3
13619,3
13620,-1
13621,3
13622,3
13623,3
13624,3
13625,-1
13626,-1
13627,3
13628,3
13629,3
13630,3
13631,-1
13632,3
13633,3
13634,3
13635,3
13636,3
13637,-1
13638,3
13639,3
13640,3
13641,3
13642,3
13643,3
13644,3
13645,3
13646,3
13647,-1
13648,-1
13649,-1
13650,3
13651,-1
13652,3
13653,3
13654,3
13655,3
13656,3
13657,3
13658,3
13659,3
13660,3
13661,3
13662,-1
13663,3
13664,3
13665,3
13666,-1
13667,-1
13668,3
13669,-1
13670,3
13671,3
13672,-1
13673,3
13674,3
13675,-1
13676,3
13677,3
13678,3
13679,3
13680,3
13681,3
13682,3
13683,3
13684,3
13685,3
13686,3
13687,3
13688,-1
13689,3
13690,3
13691,3
13692,3
13693,3
13694,3
13695,3
13696,3
13697,3
13698,3
13699,3
13700,3
13701,-1
13702,3
13703,3
13704,3
13705,-1
13706,3
13707,-1
13708,-1
13709,3
13710,3
13711,3
13712,3
13713,3
13714,3
13715,-1
13716,3
13717,3
13718,3
13719,-1
13720,3
13721,3
13722,3
13723,3
13724,3
13725,3
13726,-1
13727,3
13728,3
13729,3
13730,3
13731,-1
13732,3
13733,3
13734,-1
13735,3
13736,3
13737,3
13738,3
13739,3
13740,3
13741,3
13742,3
13743,3
13744,3
13745,3
13746,3
13747,3
13748,3
13749,3
13750,-1
13751,3
13752,-1
13753,-1
13754,3
13755,3
13756,3
13757,3
13758,3
13759,3
13760,-1
13761,3
13762,3
13763,3
13764,3
13765,3
13766,-1
13767,3
13768,3
13769,-1
13770,-1
13771,3
13772,-1
13773,3
13774,3
13775,3
13776,3
13777,-1
13778,-1
13779,3
13780,-1
13781,3
13782,3
13783,3
13784,3
13785,-1
13786,3
13787,3
13788,3
13789,3
13790,3
13791,3
13792,3
13793,3
13794,3
13795,-1
13796,3
13797,3
13798,3
13799,3
13800,-1
13801,3
13802,-1
13803,3
13804,3
13805,3
13806,-1
13807,3
13808,3
13809,3
13810,3
13811,3
13812,3
13813,3
13814,3
13815,3
13816,3
13817,3
13818,-1
13819,3
13820,3
13821,-1
13822,3
13823,3
13824,-1
13825,3
13826,3
13827,-1
13828,3
13829,-1
13830,3
13831,3
13832,-1
13833,3
13834,3
13835,3
13836,3
13837,3
13838,3
13839,-1
13840,3
13841,3
13842,3
13843,3
13844,3
13845,-1
13846,3
13847,3
13848,3
13849,3
13850,3
13851,3
13852,3
13853,3
13854,3
13855,3
13856,-1
13857,3
13858,3
13859,3
13860,-1
13861,-1
13862,3
13863,3
13864,3
13865,-1
13866,3
13867,3
13868,3
13869,-1
13870,3
13871,3
13872,3
13873,3
13874,3
13875,-1
13876,3
13877,3
13878,-1
13879,3
13880,-1
13881,-1
13882,3
13883,3
13884,3
13885,3
13886,-1
13887,3
13888,3
13889,3
13890,3
13891,-1
13892,3
13893,3
13894,3
13895,3
13896,3
13897,3
13898,3
13899,3
13900,3
13901,3
13902,-1
13903,3
13904,-1
13905,3
13906,3
13907,3
13908,3
13909,3
13910,-1
13911,-1
13912,-1
13913,3
13914,3
13915,3
13916,3
13917,3
13918,3
13919,-1
13920,-1
13921,3
13922,-1
13923,3
13924,3
13925,3
13926,3
13927,-1
13928,3
13929,3
13930,3
13931,3
13932,3
13933,-1
13934,3
13935,3
13936,3
13937,3
13938,-1
13939,3
13940,3
13941,3
13942,-1
13943,-1
13944,3
13945,-1
13946,3
13947,3
13948,3
13949,3
13950,3
13951,3
13952,-1
13953,3
13954,3
13955,3
13956,3
13957,-1
13958,3
13959,3
13960,3
13961,3
13962,-1
13963,3
13964,3
13965,-1
13966,3
13967,3
13968,3
13969,3
13970,3
13971,3
13972,3
13973,3
13974,3
13975,3
13976,3
13977,3
13978,3
13979,-1
13980,3
13981,3
13982,-1
13983,-1
13984,3
13985,-1
13986,3
13987,3
13988,3
13989,3
13990,3
13991,3
13992,-1
13993,-1
13994,-1
13995,-1
13996,3
13997,-1
13998,3
13999,-1
14000,3
14001,3
14002,-1
14003,3
14004,3
14005,-1
14006,3
14007,3
14008,3
14009,3
14010,3
14011,3
14012,3
14013,3
14014,3
14015,3
14016,3
14017,3
14018,3
14019,3
14020,3
14021,3
14022,-1
14023,3
14024,3
14025,3
14026,3
14027,3
14028,3
14029,-1
14030,3
14031,3
14032,3
14033,3
14034,3
14035,3
14036,3
14037,3
14038,-1
14039,3
14040,3
14041,3
14042,3
14043,-1
14044,-1
14045,3
14046,3
14047,3
14048,3
14049,3
14050,3
14051,3
14052,3
14053,3
14054,3
14055,3
14056,3
14057,3
14058,3
14059,3
14060,3
14061,3
14062,-1
14063,3
14064,3
14065,-1
14066,3
14067,3
14068,3
14069,3
14070,-1
14071,-1
14072,3
14073,3
14074,3
14075,3
14076,-1
14077,-1
14078,3
14079,3
14080,-1
14081,3
14082,3
14083,3
14084,3
14085,3
14086,3
14087,-1
14088,-1
14089,3
14090,3
14091,-1
14092,3
14093,3
14094,3
14095,-1
14096,3
14097,3
14098,3
14099,3
14100,-1
14101,3
14102,3
14103,3
14104,3
14105,-1
14106,3
14107,3
14108,3
14109,3
14110,3
14111,-1
14112,-1
14113,-1
14114,-1
14115,3
14116,3
14117,3
14118,-1
14119,-1
14120,3
14121,3
14122,-1
14123,3
14124,-1
14125,3
14126,3
14127,3
14128,-1
14129,3
14130,-1
14131,-1
14132,-1
14133,3
14134,3
14135,3
14136,3
14137,3
14138,3
14139,3
14140,3
14141,3
14142,-1
14143,3
14144,3
14145,3
14146,3
14147,-1
14148,3
14149,3
14150,-1
14151,3
14152,3
14153,-1
14154,3
14155,3
14156,3
14157,3
14158,3
14159,-1
14160,-1
14161,3
14162,3
14163,3
14164,3
14165,-1
14166,-1
14167,3
14168,3
14169,3
14170,-1
14171,-1
14172,3
14173,3
14174,3
14175,3
14176,3
14177,-1
14178,3
14179,3
14180,3
14181,3
14182,3
14183,-1
14184,3
14185,3
14186,-1
14187,3
14188,3
14189,3
14190,3
14191,3
14192,3
14193,-1
14194,3
14195,3
14196,-1
14197,3
14198,3
14199,3
14200,-1
14201,3
14202,3
14203,-1
14204,3
14205,3
14206,3
14207,3
14208,-1
14209,3
14210,-1
14211,-1
14212,3
14213,-1
14214,3
14215,-1
14216,3
14217,3
14218,-1
14219,3
14220,3
14221,3
14222,3
14223,3
14224,3
14225,3
14226,-1
14227,3
14228,3
14229,3
14230,-1
14231,3
14232,3
14233,3
14234,3
14235,3
14236,3
14237,3
14238,3
14239,3
14240,3
14241,3
14242,3
14243,3
14244,-1
14245,3
14246,3
14247,3
14248,3
14249,-1
14250,3
14251,-1
14252,3
14253,3
14254,3
14255,-1
14256,3
14257,3
14258,3
14259,3
14260,3
14261,3
14262,3
14263,3
14264,3
14265,3
14266,-1
14267,-1
14268,3
14269,3
14270,-1
14271,-1
14272,3
14273,-1
14274,3
14275,3
14276,3
14277,3
14278,3
14279,3
14280,3
14281,-1
14282,3
14283,3
14284,-1
14285,3
14286,3
14287,3
14288,3
14289,-1
14290,-1
14291,3
14292,3
14293,3
14294,3
14295,3
14296,3
14297,3
14298,3
14299,3
14300,3
14301,3
14302,3
14303,-1
14304,3
14305,-1
14306,3
14307,3
14308,3
14309,3
14310,-1
14311,3
14312,-1
14313,3
14314,-1
14315,3
14316,3
14317,3
14318,3
14319,3
14320,3
14321,3
14322,3
14323,3
14324,3
14325,3
14326,3
14327,3
14328,3
14329,3
14330,3
14331,3
14332,3
14333,3
14334,-1
14335,3
14336,3
14337,3
14338,3
14339,3
14340,3
14341,3
14342,3
14343,3
14344,3
14345,3
14346,-1
14347,3
14348,3
14349,3
14350,3
14351,3
14352,-1
14353,-1
14354,3
14355,3
14356,-1
14357,3
14358,3
14359,3
14360,3
14361,3
14362,3
14363,3
14364,3
14365,3
14366,3
14367,3
14368,3
14369,3
14370,3
14371,3
14372,3
14373,3
14374,3
14375,3
14376,3
14377,3
14378,3
14379,-1
14380,3
14381,3
14382,3
14383,3
14384,3
14385,3
14386,3
14387,-1
14388,3
14389,3
14390,-1
14391,3
14392,3
14393,3
14394,-1
14395,3
14396,3
14397,3
14398,3
14399,3
14400,3
14401,3
14402,3
14403,3
14404,-1
14405,3
14406,3
14407,3
14408,3
14409,3
14410,3
14411,3
14412,3
14413,3
14414,3
14415,3
14416,-1
14417,3
14418,3
14419,-1
14420,-1
14421,3
14422,-1
14423,3
14424,3
14425,-1
14426,3
14427,3
14428,3
14429,3
14430,3
14431,3
14432,3
14433,3
14434,-1
14435,3
14436,3
14437,3
14438,3
14439,3
14440,3
14441,3
14442,3
14443,-1
14444,3
14445,3
14446,3
14447,3
14448,3
14449,3
14450,3
14451,-1
14452,3
14453,3
14454,3
14455,3
14456,3
14457,3
14458,3
14459,-1
14460,3
14461,3
14462,3
14463,3
14464,-1
14465,3
14466,3
14467,3
14468,3
14469,3
14470,3
14471,3
14472,3
14473,3
14474,3
14475,3
14476,3
14477,-1
14478,3
14479,3
14480,3
14481,3
14482,3
14483,-1
14484,3
14485,3
14486,3
14487,3
14488,3
14489,-1
14490,3
14491,3
14492,3
14493,3
14494,3
14495,3
14496,3
14497,-1
14498,-1
14499,-1
14500,3
14501,3
14502,3
14503,3
14504,3
14505,3
14506,3
14507,3
14508,3
14509,3
14510,3
14511,-1
14512,3
14513,-1
14514,3
14515,3
14516,3
14517,3
14518,3
14519,3
14520,-1
14521,3
14522,3
14523,3
14524,3
14525,3
14526,3
14527,3
14528,3
14529,3
14530,-1
14531,-1
14532,3
14533,3
14534,-1
14535,3
14536,3
14537,3
14538,3
14539,3
14540,3
14541,-1
14542,-1
14543,-1
14544,3
14545,-1
14546,3
14547,3
14548,3
14549,3
14550,-1
14551,3
14552,3
14553,3
14554,-1
14555,-1
14556,-1
14557,-1
14558,3
14559,3
14560,3
14561,3
14562,3
14563,3
14564,3
14565,3
14566,3
14567,-1
14568,3
14569,-1
14570,3
14571,-1
14572,3
14573,3
14574,3
14575,3
14576,3
14577,-1
14578,3
14579,-1
14580,-1
14581,3
14582,3
14583,-1
14584,3
14585,-1
14586,3
14587,-1
14588,3
14589,3
14590,3
14591,3
14592,3
14593,3
14594,-1
14595,3
14596,3
14597,3
14598,-1
14599,3
14600,3
14601,3
14602,3
14603,3
14604,-1
14605,-1
14606,3
14607,-1
14608,-1
14609,3
14610,3
14611,-1
14612,-1
14613,3
14614,3
14615,3
14616,3
14617,3
14618,-1
14619,3
14620,3
14621,-1
14622,-1
14623,-1
14624,3
14625,3
14626,3
14627,3
14628,3
14629,3
14630,3
14631,3
14632,3
14633,3
14634,3
14635,-1
14636,3
14637,3
14638,3
14639,3
14640,3
14641,3
14642,3
14643,3
14644,3
14645,3
14646,3
14647,3
14648,3
14649,3
14650,-1
14651,-1
14652,3
14653,3
14654,-1
14655,3
14656,3
14657,3
14658,3
14659,3
14660,-1
14661,3
14662,3
14663,-1
14664,3
14665,-1
14666,-1
14667,3
14668,-1
14669,3
14670,3
14671,3
14672,3
14673,3
14674,3
14675,3
14676,-1
14677,3
14678,3
14679,-1
14680,3
14681,3
14682,3
14683,-1
14684,3
14685,3
14686,3
14687,-1
14688,3
14689,3
14690,3
14691,3
14692,3
14693,3
14694,3
14695,3
14696,3
14697,3
14698,3
14699,3
14700,3
14701,3
14702,3
14703,3
14704,-1
14705,3
14706,3
14707,3
14708,3
14709,3
14710,3
14711,3
14712,3
14713,-1
14714,3
14715,3
14716,3
14717,3
14718,3
14719,3
14720,3
14721,3
14722,3
14723,3
14724,-1
14725,3
14726,3
14727,3
14728,3
14729,3
14730,3
14731,3
14732,-1
14733,-1
14734,3
14735,3
14736,3
14737,3
14738,-1
14739,3
14740,3
14741,-1
14742,3
14743,3
14744,3
14745,3
14746,-1
14747,3
14748,3
14749,3
14750,3
14751,-1
14752,3
14753,3
14754,3
14755,3
14756,3
14757,-1
14758,3
14759,3
14760,3
14761,3
14762,3
14763,-1
14764,3
14765,3
14766,3
14767,-1
14768,3
14769,3
14770,3
14771,3
14772,3
14773,3
14774,3
14775,3
14776,-1
14777,3
14778,3
14779,3
14780,3
14781,3
14782,3
14783,3
14784,3
14785,-1
14786,3
14787,3
14788,3
14789,3
14790,3
14791,3
14792,3
14793,3
14794,3
14795,3
14796,3
14797,3
14798,3
14799,3
14800,3
14801,3
14802,3
14803,-1
14804,3
14805,-1
14806,3
14807,3
14808,3
14809,3
14810,3
14811,-1
14812,3
14813,-1
14814,-1
14815,3
14816,-1
14817,3
14818,3
14819,3
14820,3
14821,-1
14822,3
14823,3
14824,3
14825,3
14826,-1
14827,-1
14828,3
14829,3
14830,3
14831,3
14832,3
14833,3
14834,3
14835,3
14836,3
14837,3
14838,-1
14839,3
14840,-1
14841,3
14842,3
14843,3
14844,-1
14845,3
14846,3
14847,3
14848,-1
14849,3
14850,-1
14851,3
14852,-1
14853,3
14854,3
14855,-1
14856,3
14857,3
14858,3
14859,-1
14860,3
14861,3
14862,3
14863,3
14864,3
14865,3
14866,3
14867,3
14868,-1
14869,-1
14870,3
14871,3
14872,-1
14873,3
14874,3
14875,3
14876,3
14877,3
14878,3
14879,3
14880,3
14881,3
14882,3
14883,3
14884,3
14885,3
14886,3
14887,-1
14888,3
14889,3
14890,3
14891,3
14892,3
14893,3
14894,3
14895,3
14896,-1
14897,3
14898,3
14899,-1
14900,3
14901,3
14902,3
14903,3
14904,3
14905,3
14906,-1
14907,3
14908,3
14909,3
14910,3
14911,3
14912,3
14913,-1
14914,3
14915,3
14916,3
14917,3
14918,-1
14919,3
14920,3
14921,3
14922,3
14923,3
14924,3
14925,3
14926,3
14927,3
14928,3
14929,-1
14930,3
14931,3
14932,3
14933,3
14934,-1
14935,3
14936,3
14937,3
14938,3
14939,3
14940,3
14941,-1
14942,3
14943,3
14944,3
14945,3
14946,3
14947,3
14948,3
14949,-1
14950,3
14951,3
14952,3
14953,-1
14954,3
14955,3
14956,3
14957,3
14958,3
14959,3
14960,3
14961,3
14962,3
14963,-1
14964,3
14965,-1
14966,3
14967,-1
14968,3
14969,3
14970,3
14971,3
14972,3
14973,3
14974,3
14975,3
14976,3
14977,3
14978,3
14979,3
14980,3
14981,3
14982,3
14983,-1
14984,3
14985,3
14986,3
14987,-1
14988,3
14989,-1
14990,3
14991,3
14992,3
14993,3
14994,3
14995,3
14996,3
14997,3
14998,3
14999,-1
